Grid_ID,Latitude,Longitude
1263_7649,12.9188,77.5558
1280_7488,12.9398,77.5078
1294_7759,12.94590784,77.59722428
1294_7760,12.94390758,77.60453302
1294_7761,12.94614187,77.61659625
1295_7762,12.9372,77.6212
1299_7744,12.99282686,77.44723086
1389_7676,12.9372,77.6212
7736_1256,12.9442,77.6106
7760_1293,12.9442,77.6106
7760_1294,12.9417,77.6023
7760_7760,12.9226,77.4976
1245_7623,12.9352,77.6245
1255_7738,12.9352,77.6245
1256_7736,12.9352,77.6245
1256_7737,12.9352,77.6245
1295_7760,12.95363068,77.60470645
12_77,0.12926028,0.775153385
12_7737,0.1255262,77.37263
1256_7738,13.0478,77.5068
1256_7740,12.9488,77.6068
1257_739,12.9588,77.6718
1257_7738,12.9608,77.6488
1258_7653,12.9608,77.6488
1258_7745,12.9716,77.5946
1287_7739,12.9548,77.6568
1255_7740,12.9308,77.6768
1255_7741,12.9308,77.6768
1256_7739,13.1986,77.7066
1256_7741,12.9448,77.6848
1256_7742,12.9448,77.6848
1257_7739,13.1986,77.7066
1257_7740,12.9718,77.6468
1257_7741,12.9718,77.6468
1257_7742,12.9448,77.6848
1258_7740,12.9488,77.7168
1271_7751,13.1986,77.7066
1293_7769,12.936097,77.69577011
1294_7769,12.94696358,77.69544825
1295_7769,12.95560349,77.69678993
1295_7770,12.95631156,77.70412086
1296_7770,12.96356958,77.70365842
1302_7710,13.0224895,77.102662
1303_7723,13.03478,77.235214
1303_7736,13.03292,77.36382
1305_7760,13.05523747,77.60469655
1305_7776,13.050667,77.765214
1306_7698,13.0644,76.98830581
1306_7760,13.0655876,77.6025227
1307_7701,13.072784,77.010123
1307_7760,13.07395,77.60388983
1308_7760,13.083301,77.60374425
1320_7723,13.202365,77.236523
1324_7725,13.245142,77.254126
1325_7712,13.256325,77.125426
1325_7723,13.25292745,77.23587691
1345_7702,13.0408,77.6103
1361_7698,13.0415,77.6248
1214_7748,12.9691,77.5143
1247_7747,12.8868,77.5758
1247_7748,12.9749,77.4938
1247_7752,12.9691,77.5143
1278_7756,12.9749,77.4938
1279_7748,12.9777,77.4988
1279_7770,12.9749,77.4848
1296_1296,12.9777,77.4988
1296_7749,12.9749,77.4938
1296_7750,12.9667,77.5101
1297_7734,12.9734,77.5002
1297_7748,12.9777,77.4988
1297_7749,12.9749,77.4938
1297_7750,12.9818,77.5052
1297_7751,12.9667,77.5101
1298_7749,12.9818,77.5052
1298_7750,12.9818,77.5052
1300_7727,12.9777,77.4988
1305_7744,12.9777,77.4988
1312_7734,12.9734,77.5002
1312_7751,12.9691,77.5143
1209_7706,12.9665,77.6066
1602_9702,12.9721,77.6066
5107_3944,12.9721,77.6066
7736_1257,12.9579,77.5926
7736_1258,12.9721,77.6066
7737_1257,12.9816,77.6058
7759_1295,12.9579,77.5926
7760_1289,12.9816,77.6058
7760_1295,12.9816,77.6058
7760_1296,12.9756,77.6068
7761_1295,12.9816,77.6058
7761_1296,12.9721,77.6066
7761_1297,12.9721,77.6066
7763_1292,12.9467,77.6075
7764_1296,12.9816,77.6058
7790_1295,12.9824,77.6036
7797_1261,12.9467,77.6075
1255_7760,12.9468,77.6078
1255_7762,12.9678,77.6006
1293_7760,12.93316905,77.60800881
1296_7759,12.96421932,77.594368
1296_7760,12.96591167,77.60477884
1302_6654,13.0441,77.5065
1302_7703,13.0475,77.5042
1302_7721,13.022701,77.215648
1304_1752,13.0441,77.5065
1305_6523,13.0441,77.5065
1305_6875,13.0527,77.4955
1306_7723,13.0475,77.5042
1311_7721,13.0475,77.5042
1312_7723,13.123654,77.23232
1318_7789,13.0498,77.4912
1321_7756,13.0475,77.5042
1324_7712,13.0498,77.4912
1333_7730,13.0498,77.4912
1345_7744,13.0498,77.4912
1345_7746,13.0325,77.5255
1365_7712,13.0441,77.5065
1487_7451,13.0498,77.4912
675_6875,13.0475,77.5042
7750_1306,13.0527,77.4955
1308_7740,13.08018,77.40149
1309_7764,13.0953465,77.643431
1309_7765,13.09251588,77.65358065
1309_7766,13.09797347,77.66312947
1309_7771,13.0953585,77.7154445
1310_7763,13.10449285,77.63401528
1310_7764,13.101,77.64354867
1310_7765,13.10676375,77.65285538
1310_7771,13.10918133,77.715868
1311_7761,13.1175759,77.6138299
1311_7763,13.11683289,77.63426352
1311_7764,13.11161433,77.64893167
1311_7767,13.119379,77.679056
1311_7768,13.1124045,77.68569395
1311_7771,13.119379,77.715868
1312_7761,13.12266436,77.61474978
1312_7763,13.12616345,77.63516459
1312_7764,13.12530167,77.645959
1312_7766,13.12944451,77.66087846
1312_7768,13.124813,77.68413925
1312_7769,13.122598,77.69099
1313_7763,13.1321,77.636328
1313_7766,13.13294653,77.66731412
1313_7769,13.13454567,77.69407433
1313_7771,13.134664,77.718705
1313_7772,13.134664,77.721196
1314_7764,13.14251067,77.64225733
1314_7765,13.1465697,77.6586529
1314_7767,13.14144133,77.67155667
1314_7768,13.1478755,77.68769348
1314_7770,13.144373,77.705713
1315_7766,13.15100575,77.669068
1315_7767,13.150802,77.675076
1315_7769,13.1573222,77.6964715
1315_7770,13.155386,77.70277
1315_7771,13.15395025,77.7168355
1315_7772,13.153035,77.72510467
1316_7766,13.167362,77.669387
1316_7767,13.166439,77.67940467
1316_7768,13.166544,77.680364
1316_7771,13.162713,77.715406
1316_7772,13.1622502,77.7239238
1317_7768,13.17488,77.68198
1317_7769,13.17245911,77.690896
1317_7770,13.17914,77.70801
1317_7772,13.17914,77.723379
1318_7726,13.183426,77.26392
1318_7768,13.1827855,77.6815655
1318_7769,13.18287288,77.69515738
1318_7770,13.1838305,77.704075
1301_7737,13.0128356,77.37414017
1446_7616,13.0439,77.6412
7763_1305,13.0472,77.6249
1226_7750,12.9432,77.5516
1226_7771,12.9324,77.5735
1227_7750,12.9432,77.5516
1228_7661,12.9432,77.5516
1228_7662,12.9248,77.5558
1228_7750,12.9186,77.5728
1228_7752,12.9432,77.5516
1230_7660,12.9248,77.5558
1233_7750,12.9248,77.5558
1254_7795,12.9186,77.5728
1261_7756,12.9235,77.5658
1267_7725,12.9235,77.5658
1281_7766,12.9235,77.5658
1287_7750,12.9186,77.5728
1290_7795,12.9432,77.5516
1291_1291,12.9258,77.5558
1291_762,12.9235,77.5658
1292_7795,12.9324,77.5735
1293_7796,12.937669,77.954768
1297_7795,12.9432,77.5516
1299_7795,12.937669,77.954768
1354_7636,12.9719,77.594
2773_8533,12.9217,77.5824
7752_1290,12.9432,77.5286
1229_7757,12.8978,77.5736
1291_7755,12.9158,77.5568
1300_7763,13.00732888,77.63348931
1300_7764,12.9972,77.6455
1301_7738,13.0051,77.382431
1301_7764,13.0115,77.6372
1303_7737,13.0051,77.37502968
1311_7765,13.114257,77.653767
1312_7765,13.0051,77.65402633
1314_7712,13.0115,77.6372
1325_7763,13.255665,77.636455
1325_7765,13.0051,77.65681056
1326_7765,13.0051,77.65490833
1341_7741,13.0192,77.6632
1341_7765,12.9135,77.6179
1349_7738,13.0192,77.6632
1466_7759,13.0115,77.6372
2231_6845,13.0051,77.6287
675_9708,13.0051,77.6287
7762_1301,13.0051,77.6287
7763_1300,12.9972,77.6455
7763_1301,13.0051,77.6287
7763_1302,13.0115,77.6372
7764_1300,13.0185,77.6472
7764_1301,13.0069,77.6468
7765_1301,13.0158,77.6528
1255_7865,12.8908,77.6268
1265_7763,12.8908,77.6268
1289_7738,12.8908,77.6268
1292_7796,12.9069,77.6433
1296_7723,12.9021,77.6492
1304_7773,12.9069,77.6433
1309_7820,12.9021,77.6492
1337_7772,12.8898,77.6398
3863_9410,12.9069,77.6304
1232_7763,12.9375,77.5712
1235_7765,12.9428,77.5705
1256_1293,12.9428,77.5721
1256_7734,12.9448,77.5702
1256_7751,12.9918,77.5528
1256_7757,12.9406,77.5738
1258_7765,12.9478,77.5738
1263_7763,12.9478,77.5738
1268_7765,12.9678,77.5528
1275_7789,12.9428,77.5705
1276_7778,12.9406,77.5738
1278_7776,12.8908,77.5638
1278_7778,12.9406,77.5758
1278_7787,12.9448,77.5702
1278_7789,12.9688,77.5798
1285_7786,12.9406,77.5738
1285_7789,12.9375,77.5712
1286_7768,12.9428,77.5721
1286_7783,12.9678,77.5528
1286_7785,12.9678,77.5528
1286_7786,12.9698,77.5548
1286_7787,12.9406,77.5738
1286_7789,12.9448,77.5748
1286_7798,12.9688,77.5798
1287_7779,12.9488,77.5728
1287_7784,12.9428,77.5705
1287_7786,12.9406,77.5738
1287_7787,12.9406,77.5738
1287_7789,12.9411,77.5689
1287_7793,12.9442,77.5741
1289_7778,12.9428,77.5705
1289_7779,12.9375,77.5712
1289_7798,12.9488,77.5728
1291_7751,12.9448,77.5758
1292_7752,12.9406,77.5758
1293_7724,12.9488,77.5728
1293_7757,12.9428,77.57515327
1294_7789,12.9409,77.8949055
1295_7786,12.9419,77.5702
1297_7786,12.9406,77.5738
1298_7798,12.9428,77.5721
1393_7756,12.9293,77.5804
2356_6684,12.9428,77.5708
2425_7219,12.9442,77.5741
7756_1293,12.9428,77.5716
7756_1294,12.9448,77.5703
7757_1293,12.9268,77.5932
7757_1294,12.9418,77.5716
7758_1294,12.9688,77.5778
7759_1291,12.9688,77.5778
1332_7717,12.9389,77.5555
1230_7753,12.7209,77.2815
1257_7748,12.9417,77.5713
1283_7756,12.925,77.5938
1033_7799,12.9128,77.5385
1209_7756,12.9138,77.5385
1209_7799,12.9555,77.5385
1211_7755,12.9968,77.5385
1223_7715,12.9968,77.5718
1227_7709,13.0018,77.5518
1237_7745,12.9555,77.5966
1256_7753,12.9908,77.5388
1256_7754,12.9941,77.5352
1282_7779,12.9875,77.5352
1292_7769,12.9934,77.5348
1295_7754,12.9902,77.5284
1298_7753,12.9941,77.5311
1298_7754,12.9941,77.5352
1299_7735,12.997279,77.354748
1299_7752,12.9921,77.5289
1299_7753,12.9881,77.5359
1299_7754,12.9959,77.5381
1299_7755,12.9915,77.5411
1299_7783,12.9941,77.5312
1300_7732,13.00139743,77.32268143
1326_7646,13.261995,76.461326
1506_7533,12.9934,77.5348
7663_1232,12.9716,77.5946
7752_1299,12.9084,77.5267
7753_1298,12.9867,77.5068
7753_1299,12.9867,77.5068
7754_1298,12.9867,77.5068
7754_1299,13.0188,77.5645
7756_1209,12.9084,77.5267
7756_1309,12.9084,77.5267
1222_7712,12.8786,77.6206
1245_7737,12.8895,77.6388
1265_7745,12.9898,77.5168
1278_7750,12.9716,77.5946
1278_7762,12.8878,77.6208
1287_7737,12.8878,77.6208
1287_7763,12.8798,77.6178
1288_7737,12.8858,77.6108
1288_7738,12.8895,77.6388
1288_7763,12.9898,77.5168
1722_7722,12.8918,77.5962
1241_7719,12.9139,77.6815
1287_7770,12.8688,77.6448
1288_7769,12.8686,77.6443
1289_7766,12.9246,77.6622
1289_7768,12.9079,77.6831
1289_7769,12.9075,77.6829
1290_7766,12.9148,77.6618
1290_7767,12.9188,77.6838
1290_7768,12.8688,77.6448
1291_7766,12.9138,77.6728
1291_7767,12.9238,77.6618
1291_7768,12.9135,77.6735
1291_7769,12.9022,77.6784
1292_7766,12.924,77.6624
1292_7767,12.9148,77.6618
1292_7768,12.9258,77.6671
1292_7770,12.9128,77.6744
1293_7767,12.9262,77.6675
1293_7770,12.9028,77.6778
1296_7728,12.9686,77.2896
1298_7741,12.983238,77.411579
1299_7760,12.99405973,77.60703534
1299_7761,12.99614584,77.61636072
1321_7766,13.213675,77.66443174
1311_7742,13.1152675,77.4221095
1312_7742,13.1208705,77.4219465
1319_7767,13.196422,77.671224
1319_7768,13.19859481,77.68407942
1320_7770,13.20208,77.70626982
1320_7771,13.20105883,77.71165948
1320_7772,13.200551,77.721182
1321_7763,13.21159,77.639821
1321_7765,13.2141795,77.655351
1321_7768,13.2184975,77.68016
1321_7769,13.2184505,77.69406395
1321_7771,13.214234,77.714617
1322_7767,13.221273,77.670176
1266_7778,12.8895,77.6388
1289_7762,12.8918,77.6248
1079_7878,12.9894,77.4958
1244_7731,13.0328,77.5036
1252_7728,13.0338,77.4808
1258_7728,12.9922,77.5015
1259_7728,12.9902,77.4896
1298_7747,12.9908,77.4887
1298_7748,12.98511091,77.48477673
1299_7746,12.99440375,77.4669405
1299_7747,12.991966,77.475007
1299_7748,12.9952434,77.4867682
1299_7749,12.99517888,77.49643071
1300_7747,13.0042515,77.4777975
1300_7748,13.00445079,77.48391413
1301_7719,13.013992,77.190477
1301_7747,13.01673,77.478241
1302_7728,13.02927,77.284793
1309_7728,12.9904,77.4891
1309_7729,13.09702,77.292205
1313_7757,13.13225025,77.57537525
1317_7717,12.9942,77.4996
1354_7723,13.0367,77.4878
5165_3910,13.0367,77.4878
724_7755,13.0068,77.4848
1297_7739,12.9923,77.6575
1298_7765,12.98485833,77.65576867
1298_7766,12.98639527,77.66541387
1299_7763,12.99334624,77.637108
1299_7764,12.99519517,77.642201
1434_7489,12.9716,77.5946
6724_2350,12.9934,77.6618
7763_1299,12.9945,77.6579
7764_1298,12.9904,77.6521
7764_1299,12.9911,77.6438
7765_1297,12.9588,77.6718
7765_1298,12.9801,77.6548
7765_1299,12.9936,77.662
7765_1396,12.9928,77.6595
7766_1297,12.9814,77.6629
7766_1298,12.9818,77.6623
7766_1299,12.9918,77.6518
7766_7766,12.9959,77.6648
7767_1297,12.9829,77.6784
7767_1298,12.9824,77.6781
7768_1277,12.9897,77.6775
7768_1297,12.9897,77.6775
7768_1298,12.9897,77.6775
1204_7761,12.9458,77.5928
1223_7712,12.9669,77.5255
1223_7752,12.9458,77.5765
1224_7754,12.9695,77.6498
1224_7756,12.9095,77.5648
1229_7710,12.9695,77.6498
1231_7765,12.9669,77.5255
1232_7723,12.9856,77.5108
1234_7756,12.9597,77.5189
1234_7761,12.9695,77.6498
1234_7764,12.9856,77.5108
1235_7662,12.9095,77.5648
1251_7695,13.0068,77.5178
1253_7789,12.9598,77.5438
1254_7756,12.9669,77.5255
1256_7769,12.9095,77.5648
1256_7795,12.9716,77.5946
1263_6931,12.9638,77.5488
1263_7712,12.9308,77.5488
1263_7713,12.9695,77.6498
1264_1264,12.9695,77.6498
1264_7736,12.9498,77.5748
1265_7747,13.0068,77.5178
1270_7726,12.9498,77.5748
1279_7716,12.9198,77.5478
1279_7744,12.9669,77.5255
1280_7701,12.9648,77.5758
1285_7746,12.9095,77.5648
1291_7740,12.9419,77.5285
1293_7751,12.9308,77.5348
1293_7752,12.9308,77.5348
1295_7744,12.9521,77.5256
1325_7748,13.256045,77.4868765
2113_6931,12.9416,77.5289
2113_7755,13.0209,77.6616
293_7752,12.9676,77.5269
7751_1293,12.9712,77.5288
7752_1293,12.9712,77.5288
7752_1294,12.9712,77.5288
7752_6931,13.0355,77.5218
7753_1292,12.9712,77.5288
7753_1293,13.0355,77.5218
7753_1294,12.9712,77.5288
7753_1295,12.9712,77.5288
7754_1294,12.9535,77.5437
7754_1295,12.9538,77.5434
7754_1296,12.9473,77.5689
1294_7753,12.94556187,77.53310776
1212_7712,12.9716,77.5946
1212_7721,12.9716,77.5946
1212_7723,12.9716,77.5946
1212_7724,12.9716,77.5946
1212_7732,12.9716,77.5946
1212_7742,12.9716,77.5946
1213_7721,12.9716,77.5946
1221_7712,12.9716,77.5946
1223_7754,12.9716,77.5946
1224_7723,12.9716,77.5946
1241_7721,12.9716,77.5946
1242_7712,12.9716,77.5946
1242_7724,12.9716,77.5946
1245_7710,12.9716,77.5946
1246_7712,12.9716,77.5946
1246_7724,12.9716,77.5946
1247_7712,12.9716,77.5946
1254_7724,12.9716,77.5946
1254_7726,12.9716,77.5946
1258_7724,12.9716,77.5946
1266_7758,12.9716,77.5946
1274_7724,12.9716,77.5946
1276_7724,12.9716,77.5946
1276_7756,12.9716,77.5946
1296_7104,12.966681,71.048949
1296_7712,12.966681,77.12462
1352_7731,12.9716,77.5946
3708_6817,12.9716,77.5946
3708_7758,12.9716,77.5946
3708_7777,12.9716,77.5946
1223_7765,12.9675,77.5968
1229_7665,12.9885,77.5875
1231_7664,12.9675,77.5968
1232_7667,12.9578,77.5675
1252_7725,12.8458,77.6575
1394_7629,12.9578,77.5603
1394_7756,12.9564,77.6135
7755_1295,12.9368,77.6169
11295_7753,12.9648,77.5317
1215_7664,13.0146,77.5128
1234_7742,12.9604,77.5317
1239_7752,12.9665,77.5238
1251_7731,12.9758,77.5118
1257_7731,12.9604,77.5317
1257_7753,12.9669,77.5255
1257_7754,12.9808,77.5468
1294_7751,12.9438686,77.51823814
1294_7752,12.94487185,77.52521783
1295_7751,12.95742513,77.51654404
1295_7752,12.95485759,77.52516475
1295_7795,12.958893,77.958893
1296_752,12.968463,7.522401
1296_7751,12.96364879,77.515726
1296_7752,12.96521331,77.52425398
1296_7796,12.9632286,77.96394722
1302_7746,13.0228,77.46841
1357_7694,12.9798,77.5555
2478_8687,12.9349,77.6153
2856_7720,12.9654,77.5068
7752_1295,12.9898,77.5159
7752_7795,12.9349,77.6153
7757_1257,12.9898,77.5159
1245_7725,12.9148,77.5598
1246_7725,12.9148,77.5598
1249_7745,12.9278,77.5448
1254_7725,12.9148,77.5598
1254_7754,12.9278,77.5448
1254_7792,12.9848,77.5188
1255_7733,12.9236,77.5538
1256_7725,12.9148,77.5598
1256_7793,12.9148,77.5598
1279_7725,12.9188,77.5518
1292_7733,12.9278,77.5458
1292_7735,12.9048,77.5528
1292_7754,12.9188,77.5518
1292_7755,12.9278,77.5458
1292_7756,12.9278,77.5458
1293_7756,12.9328,77.5594
1335_7709,12.933,77.5599
7753_1291,12.9169,77.5558
7755_1292,12.9268,77.5425
1258_7734,12.9658,77.5738
1294_7756,12.94595879,77.56544493
1313_7762,13.13832167,77.62050933
1314_7758,13.14726,77.588741
1314_7760,13.14436633,77.603399
1314_7761,13.14425792,77.61693484
1314_7762,13.14357561,77.62692683
1314_7763,13.141925,77.63183825
1315_7758,13.151725,77.589899
1315_7760,13.15219433,77.607838
1315_7761,13.15415236,77.61750389
1316_7757,13.1725,77.6327
1316_7759,13.1658895,77.597109
1316_7760,13.161579,77.60865775
1316_7761,13.16251313,77.6123331
1316_7762,13.16534926,77.62748507
1316_7763,13.16666278,77.63389621
1316_7764,13.165074,77.644241
1316_7765,13.1453,77.6037
1317_7758,13.179047,77.5883469
1317_7761,13.1764355,77.6184625
1317_7764,13.175618,77.649133
1317_7765,13.177303,77.65550163
1318_7757,13.181785,77.5795379
1318_7758,13.182456,77.589648
1318_7763,13.18757,77.633826
1318_7765,13.1842255,77.655045
1318_7766,13.182587,77.661895
1318_7767,13.18483275,77.6728815
1319_7759,13.196358,77.5959995
1319_7760,13.197984,77.6071365
1319_7761,13.19230383,77.61753015
1319_7762,13.1705,77.6329
1320_7760,13.209609,77.607684
1320_7762,13.201711,77.62408
1320_7763,13.20439,77.634748
1301_7766,13.1539,77.6212
1307_7761,13.07288053,77.6171167
1311_7750,13.11959719,77.50842077
1313_7759,13.139379,77.590013
1313_7761,13.1366565,77.6177487
1315_7762,13.155729,77.62285189
1317_7763,13.17290543,77.63477369
1318_7764,13.18448354,77.643524
1319_7764,13.1537,77.6208
1320_7764,13.204735,77.646442
1216_7757,12.9648,77.5734
1368_7685,12.9694,77.5834
1285_7752,12.9608,77.5736
1291_7763,12.9628,77.5738
1292_7763,12.9608,77.5736
1294_7757,12.94443688,77.57430463
1295_7758,12.95464146,77.58567797
1760_1298,12.9827,77.6085
3398_5636,12.9796,77.5904
675_7752,12.9848,77.6088
7758_1281,12.9793,77.6033
7760_1298,12.9848,77.6088
7761_1298,12.9638,77.5876
7761_1299,12.9638,77.5876
7798_1260,12.9628,77.5738
1296_6411,12.9711,77.575
1325_7647,13.258842,76.478986
200_6411,13.0208,77.6162
2620_6411,12.9713,77.5753
7721_1225,12.9596,77.6128
7733_1257,13.0208,77.6162
7733_1258,13.0208,77.6162
7734_1257,12.9765,77.6014
7734_1258,12.9792,77.5731
7756_1296,12.9596,77.6128
7757_1297,12.9734,77.5715
7777_1257,12.9596,77.6128
7777_1296,12.9765,77.6014
1209_6817,12.9719,77.5929
1209_7703,13.0042,77.5929
1259_7703,12.9763,77.5929
1997_7760,12.9756,77.6068
4330_4756,12.9748,77.6094
7759_1297,12.9738,77.5906
7759_1298,12.9877,77.5945
7759_7735,12.9719,77.6017
7760_1297,12.9731,77.6074
7850_1354,12.9719,77.6017
1297_7759,12.9771097,77.59805204
1194_7866,12.9716,77.5946
675_9741,12.9716,77.5946
698_7059,12.9716,77.5946
1314_7742,13.1444,77.4245
1314_7743,13.143328,77.4315815
1318_7786,13.184327,77.862041
1320_7756,13.200853,77.561495
1321_7773,13.2133395,77.73587
1321_7774,13.213738,77.740529
1322_7773,13.22653567,77.735962
1323_7769,13.2446,77.7117
1323_7770,13.2449,77.7115
1323_7772,13.2144,77.7114
1324_7767,13.24664,77.677831
1324_7769,13.245206,77.697434
1325_7772,13.252896,77.724788
1325_7773,13.2421,77.7118
2477_6614,13.2438,77.711
7741_1315,12.9588,77.5745
1301_7761,12.9175,77.6105
7768_1322,12.9638,77.5739
7770_1324,12.9638,77.5739
7771_1324,12.9175,77.6105
7771_1325,12.9175,77.6105
7774_1322,12.9175,77.6105
1305_7738,13.055511,77.385609
1305_7767,13.0535393,77.67584716
1306_7767,13.064906,77.6737716
1307_7763,13.07435721,77.63327106
1307_7765,13.07366573,77.65243195
1313_7740,13.131672,77.405597
1313_7768,13.132692,77.686282
1319_7765,13.197796,77.6560758
1319_7766,13.19522967,77.66897433
1319_7769,13.197924,77.690307
1319_7770,13.19896491,77.70567573
1319_7771,13.19776167,77.71121767
1320_7765,13.20173359,77.65810241
1320_7766,13.20460184,77.6654294
1320_7767,13.208791,77.670153
1320_7769,13.2018745,77.6967425
1321_7764,13.21168433,77.645634
1321_7767,13.21814727,77.67236021
1322_7768,13.2223,77.6832176
1322_7769,13.2298289,77.699239
1322_7770,13.2298289,77.702282
1322_7771,13.224718,77.71284
1322_7772,13.22844885,77.72731018
1324_7752,13.2441579,77.52017572
1324_7770,13.24342066,77.70678228
1324_7771,13.24400613,77.71393406
1325_7769,13.2570916,77.6976754
1325_7770,13.25107967,77.70741433
1325_7771,13.25474391,77.71552138
1326_7771,13.26738751,77.71941995
1326_7772,13.26811198,77.72229586
1326_7774,13.266291,77.740695
1327_7770,13.274088,77.709437
1327_7771,13.27692613,77.713123
1328_7776,13.28034,77.76322
1330_7755,13.2877,77.801
1334_7738,13.0742,77.6512
1344_1344,13.2877,77.801
1344_7750,13.2877,77.801
1344_7768,13.2877,77.801
2176_7180,13.1275,77.6683
1300_7761,13.00625998,77.61338639
1301_7751,13.0185,77.6093
1301_7760,13.0125,77.6052
1301_7761,13.0234,77.6012
1302_1302,13.02000304,13.02000304
1302_7760,13.0182,77.6095
1302_7761,13.0298,77.6186
1304_7736,13.04958,77.361328
1209_7760,12.9958,77.5946
1239_7677,12.9828,77.6248
1258_7736,12.9638,77.5738
1301_7735,13.01218373,77.35275668
1302_7733,13.0241413,77.3328844
2908_6117,12.9678,77.5739
7730_1302,13.0287,77.5545
7733_1302,13.0287,77.5545
7734_1306,13.0358,77.597
7735_1257,12.9678,77.5739
7737_12,12.9678,77.5739
7737_1259,12.983,77.6246
7738_1255,12.9678,77.5739
7742_1257,12.983,77.6246
7742_1300,12.9793,77.6033
7753_1296,13.0287,77.5545
7760_1310,13.0358,77.597
1250_7737,12.8398,77.6658
1250_7739,12.9716,77.5946
1251_7737,12.8508,77.6528
1252_7737,12.8588,77.6418
1252_7739,12.9716,77.5946
1253_7737,12.8908,77.5868
1281_7764,12.8398,77.6658
1283_7765,12.8398,77.6658
1284_7762,12.8908,77.5868
1285_7762,12.8588,77.6418
1285_7764,12.9898,77.7278
1334_7700,12.8844,77.5608
7737_1250,12.8447,77.6588
7738_1252,12.8528,77.6585
1223_7723,12.8458,77.6603
1250_7738,12.8408,77.6648
1250_7740,12.8458,77.6603
1251_7739,12.8548,77.6638
1251_7740,12.8548,77.6638
1252_1739,12.8488,77.6522
1252_7721,12.8398,77.6658
1252_7738,12.8798,77.6534
1253_7738,12.8631,77.6548
1253_7739,12.8648,77.6488
1253_7740,12.8648,77.6488
1268_6808,12.8548,77.6468
1268_7708,12.8548,77.6638
1268_7747,12.8478,77.6598
1268_7756,12.8768,77.6518
1268_7762,12.8548,77.6638
1275_7708,12.8488,77.6522
1275_7761,12.8548,77.6638
1278_7723,12.8398,77.677
1279_7712,12.9048,77.5338
1282_7766,12.8892,77.6437
1283_7747,12.8548,77.6638
1283_7761,12.8488,77.6522
1283_7762,12.8448,77.6588
1283_7764,12.8478,77.6598
1283_7766,12.8458,77.6603
1283_7767,12.8398,77.677
1283_7768,12.8458,77.6603
1284_7761,12.8448,77.6588
1284_7763,12.8448,77.6588
1284_7764,12.8478,77.6598
1284_7765,12.8398,77.6658
1284_7766,12.8398,77.677
1284_7767,12.8458,77.6603
1285_766,12.8548,77.6638
1285_7760,12.8828,77.6328
1285_7761,12.8486,77.6488
1285_7765,12.9048,77.5338
1285_7766,12.8548,77.6638
1285_7767,12.8408,77.6648
1286_1286,12.8548,77.6638
1286_7762,12.8828,77.6328
1286_7763,12.9048,77.5338
1286_7764,12.8488,77.6522
1286_7766,12.8488,77.6522
1286_7771,12.8448,77.6588
1287_7764,12.8768,77.6518
1287_7765,12.8488,77.6522
1287_7767,12.8648,77.6488
1288_7765,12.8488,77.6522
1288_7767,12.8631,77.6548
1289_7765,12.8768,77.6518
1295_7747,12.8488,77.6491
1304_7735,13.046042,77.352787
1305_7705,13.055096,77.055096
1305_7725,13.055096,77.253462
1305_7753,13.05404425,77.53453393
1307_7751,13.07796187,77.51315652
1307_7754,13.07784328,77.5443189
1345_7755,13.0727,77.4952
1807_7752,13.0727,77.4952
6324_2797,13.0568,77.5058
7752_1304,13.0405,77.5157
7752_1306,13.0727,77.4952
7752_1307,13.0727,77.4952
7752_1352,13.0727,77.4952
7752_7752,13.0727,77.4952
7753_1305,13.0568,77.5058
7753_1306,13.0568,77.5058
7753_1307,13.0568,77.5058
7753_1308,13.0727,77.4952
7753_1309,13.0579,77.5484
7753_1325,13.0568,77.5058
7754_1305,13.0568,77.5058
7754_1306,13.0405,77.5157
7754_1307,13.0579,77.5484
7755_1305,13.0579,77.5484
1225_7684,12.9858,77.5178
1225_7720,12.9258,77.5488
1225_7724,12.9986,77.5465
1235_7720,12.9178,77.5498
1245_7732,12.9238,77.5498
1253_7720,12.8965,77.5938
1253_7753,12.9018,77.5518
1253_7793,12.9018,77.5518
1253_793,12.9478,77.5738
1255_7732,12.8965,77.5938
1256_7732,12.9258,77.5488
1256_7733,12.9428,77.5658
1256_7756,12.9018,77.5518
1258_7753,12.9238,77.5568
1264_7755,12.9248,77.5568
1285_7763,12.9498,77.6218
1291_7737,12.9427,77.5414
1291_7753,12.9238,77.5398
1292_7753,12.9318,77.5312
1293_7720,12.9428,77.5698
1293_7753,12.9238,77.5398
1293_7754,12.9348,77.5342
1293_7755,12.9455,77.5419
1294_7754,12.9412,77.5501
1294_7755,12.9458,77.5484
1993_7760,13.0091,77.5188
1303_6703,13.032274,67.032456
1303_7744,13.03163702,77.44681785
1297_1253,12.9745,77.5342
1297_7726,12.9728,77.5297
1354_7665,12.9996,77.5468
1256_7723,12.9566,77.7011
1256_7786,12.9566,77.7011
1260_7770,12.9958,77.6968
1269_7763,12.9566,77.7011
1278_7796,12.9578,77.6648
1285_7723,12.9788,77.6788
1285_7725,12.9958,77.6968
1295_7742,12.957194,77.42277
1295_7767,12.95778883,77.6770585
1296_7717,12.96335,77.177512
1296_7739,12.969103,77.39514
1296_7767,12.9652135,77.6746026
1296_7768,12.96630345,77.68436149
1296_7769,12.96661816,77.69588499
1296_7771,12.96451429,77.71483535
1296_7795,12.965653,77.956325
1297_7768,12.97516044,77.68298511
1301_7749,13.01762511,77.4992696
1395_7771,12.9768,77.6965
1296_7694,12.96762231,76.94559906
1297_1158,12.972057,11.586848
1297_7694,12.97199,76.94559906
1279_7738,12.9716,77.5946
1294_7795,12.946852,77.954612
1295_7763,12.95593189,77.6363943
1296_7736,12.96345133,77.3662605
1297_7762,12.97584847,77.62526325
1297_7763,12.97483562,77.63407612
1298_7762,12.9828218,77.62584822
1298_7763,12.98225042,77.63369808
1617_7437,12.9588,77.5745
612_6812,12.9753,77.6189
7762_1296,12.9566,77.6145
7762_1297,12.9642,77.5832
7763_1295,12.9629,77.6389
7763_1296,12.9618,77.6398
1258_7735,12.9755,77.6068
1294_7764,12.94585226,77.64293167
1295_7736,12.959548,77.3649122
1296_7761,12.96417719,77.6149211
1296_7762,12.96584161,77.62591013
1296_7763,12.96415264,77.63528704
1297_7761,12.97386987,77.61475846
1297_7797,12.97478,77.97440095
1298_7764,12.98495375,77.6450998
1411_7643,12.9909,77.6185
296_7762,12.9585,77.6498
7762_1298,12.9908,77.6405
1289_7754,12.9658,77.5768
1296_7757,12.96507999,77.57590868
1297_7758,12.97307386,77.58385163
1436_7617,12.9635,77.5874
679_7815,12.9718,77.5765
1270_7754,13.0216,77.5448
1294_7705,12.947439,77.0550731
1298_7755,12.98389037,77.55606759
2293_7755,13.0378,77.5304
1304_7760,13.04451794,77.60543806
1354_7760,13.0328,77.5968
1363_7766,13.0675,77.6208
1956_7114,13.0328,77.5968
3305_7760,13.0328,77.5968
7759_1304,13.0418,77.5905
7760_1302,13.0328,77.5968
7760_1303,13.0328,77.5968
1306_7759,13.06368174,77.59085462
1344_7756,13.0358,77.597
1301_7763,13.01539243,77.63571827
1301_7765,13.01596981,77.65502999
1302_7763,13.02630601,77.63554926
1302_7764,13.02445182,77.64530529
1302_7765,13.02399095,77.65398497
1303_7762,13.03531772,77.62485352
1303_7763,13.0334328,77.63529316
1303_7764,13.03591512,77.64362389
1303_7765,13.03299599,77.65592404
1304_7762,13.04380372,77.62508875
1304_7763,13.04752716,77.63310294
1304_7764,13.04625677,77.6438831
1304_7765,13.0407405,77.6557685
1304_7766,13.04033279,77.66484867
1305_7763,13.05373937,77.63303356
1305_7764,13.05559457,77.64632339
1308_7765,13.08522194,77.65662962
1313_7845,13.13145048,78.45751586
1386_7811,13.0352,77.6284
1397_7680,13.0335,77.6214
1397_7773,13.0598,77.6415
1398_7757,13.0356,77.6602
1398_7763,13.0598,77.6415
1398_7764,13.0445,77.5354
1398_7765,13.0324,77.6217
1398_7767,13.0598,77.6415
1399_7762,13.0352,77.6284
1399_7763,13.0324,77.6217
1399_7765,13.0356,77.6602
1400_7762,12.9096,77.636
1443_7762,13.0352,77.6284
7762_1399,13.0253,77.6286
7765_1302,13.0278,77.6639
1159_7734,12.9836,77.5942
1201_7746,12.9836,77.5942
1206_7713,12.9448,77.5942
1255_7737,12.9836,77.5844
1259_7721,12.9836,77.5844
1259_7761,12.9836,77.5844
1262_7735,13.1988,77.2818
1295_7733,12.9837,77.5775
1298_7734,12.9835,77.5773
1299_7759,12.9912,77.5968
1298_7758,12.98789316,77.58161486
1289_7767,12.9236,77.6546
1290_7764,12.9116,77.6478
1290_7765,12.9116,77.6478
1290_7769,12.9235,77.6538
1291_7764,12.9234,77.6543
1291_7765,12.9238,77.6547
1292_7764,12.9229,77.6546
1292_7765,12.924,77.6545
1225_7712,12.9716,77.5946
1284_7700,12.9716,77.5946
1286_7780,12.9116,77.6478
1289_7734,12.9716,77.5946
1310_7730,13.1067507,77.3044395
1503_7632,12.9716,77.5946
1151_7735,12.8569,77.6028
1201_7759,12.9558,77.6028
1203_7702,12.8814,77.6028
1214_7716,12.8814,77.6038
1214_7745,12.8814,77.6038
1214_7754,12.8814,77.6038
1218_7637,12.8814,77.6038
1223_7735,12.8709,77.5875
1232_7712,12.9558,77.5745
1247_7737,12.8814,77.6038
1250_7734,12.8639,77.5965
1250_7735,12.8639,77.5965
1250_7736,12.8758,77.6246
1251_7734,12.8639,77.5965
1251_7735,12.8727,77.5936
1251_7736,13.0328,77.6738
1252_7734,12.8709,77.5875
1252_7735,12.8833,77.6044
1252_7736,12.8814,77.5959
1252_7745,12.8709,77.5875
1253_7586,12.8562,77.5901
1253_7734,12.8709,77.5875
1253_7735,12.8805,77.5963
1253_7736,12.8814,77.6038
1254_7751,12.8814,77.6038
1256_7735,12.8709,77.5875
1277_7716,12.9558,77.5745
1283_7745,12.9558,77.5745
1283_7759,12.8814,77.6038
1284_7760,12.9558,77.5745
1286_7760,12.8814,77.6038
1287_7759,12.8804,77.5966
1287_7760,12.8803,77.5959
1294_7770,12.8807,77.5961
1304_7742,13.0465955,77.4252725
7735_1252,12.8776,77.6028
100_7761,12.8785,77.6026
1244_7761,12.8785,77.6028
1286_7761,12.9077,77.5858
1287_7761,12.9077,77.5858
1287_7762,12.9077,77.5858
1288_7762,12.9077,77.5858
1290_7758,12.9077,77.5858
1258_7738,12.9784,77.6408
1258_7741,12.9784,77.6408
1269_7781,12.9784,77.6408
1404_7653,12.9719,77.6408
7764_1297,12.9784,77.6408
11299_7760,13.0038,77.605
1295_7700,12.955902,77.00818
1300_1300,13.0145,77.596
1300_7736,13.001365,77.361985
1300_7759,13.0142,77.5958
1300_7760,13.014,77.5956
1322_7760,13.0028,77.6045
1560_7526,13.0012,77.5994
2689_7575,13.0008,77.5927
7759_1299,13.0006,77.5977
7759_1300,13.0038,77.6058
7759_1301,13.0203,77.605
7760_1299,13.0038,77.6058
1200_7755,12.9465,77.5589
1252_7731,12.9465,77.5758
1257_1257,12.9465,77.5758
1257_7732,12.9688,77.5728
1257_7737,12.9688,77.5728
1258_7703,12.9465,77.5758
1258_7732,12.9465,77.5758
1284_7673,12.9698,77.5778
300_300,12.9649,77.5746
1299_7790,12.99127061,77.90245264
1302_7732,13.02323233,77.32436289
1303_7753,13.03151729,77.53582877
1303_7754,13.03581465,77.54383679
1304_7753,13.04558261,77.53635015
1304_7754,13.04531555,77.54670648
1304_7755,13.04377637,77.55401019
1304_7756,13.0432717,77.56534729
1305_7754,13.05483255,77.54496695
1305_7755,13.05464116,77.55539583
1325_7732,13.2561908,77.3241896
1340_7754,13.0418,77.551
1343_1754,13.0418,77.551
1343_7697,13.0273,77.5469
7755_1304,13.0308,77.5185
1303_7732,13.0338498,77.32416874
1303_7733,13.03043367,77.33078467
1303_7747,13.037977,77.473042
1305_7729,13.05220288,77.29237963
1305_7752,13.054932,77.52485613
1306_1754,13.06530863,17.54415539
1306_7728,13.063,77.2853
1306_7752,13.06483468,77.52775149
1306_7753,13.06215256,77.5332715
1307_7707,13.073118,77.07318
1307_7726,13.07211325,77.26836659
1307_7748,13.07837,77.48923
1307_7749,13.07789,77.497454
1308_7728,13.082556,77.2843735
1309_7750,13.09062,77.50339
1310_7747,13.104707,77.478439
1310_7752,13.10633855,77.5281481
1310_7753,13.10073875,77.53290775
1311_7746,13.11317225,77.4659897
1311_7751,13.114322,77.516452
1311_7752,13.110382,77.527896
1312_7749,13.121386,77.498181
1313_7745,13.139254,77.455884
1313_7748,13.136315,77.483248
1314_7746,13.1409835,77.465256
1314_7750,13.142915,77.501956
1315_7747,13.156326,77.47394475
1315_7750,13.156941,77.509033
1315_7751,13.1596,77.5111
1316_7746,13.16044,77.46103
1323_7733,13.2361032,77.33403266
1324_7749,13.246654,77.490313
1330_7753,13.0538,77.5487
1364_7745,13.0348,77.6125
1074_7911,12.9189,77.5938
1224_7728,12.9189,77.5826
1224_7736,12.9198,77.5966
1224_7737,12.925,77.5938
1224_7739,12.9274,77.5824
1226_7736,12.925,77.5938
1226_7739,12.9198,77.5966
1228_7606,12.9274,77.5824
1228_7663,12.9274,77.5824
1228_7723,12.9238,77.5825
1228_7763,12.9189,77.5826
1254_7734,12.9189,77.5826
1255_7734,12.925,77.5938
1255_7735,12.925,77.5938
1264_7625,12.925,77.5938
1273_7769,12.925,77.5938
1279_7750,12.9189,77.5826
1285_7759,12.9189,77.5826
1287_7487,12.9243,77.5936
1288_7749,12.9189,77.5826
1288_7754,12.9189,77.5826
1289_7758,12.9189,77.5826
1291_7758,12.9308,77.5858
1292_4757,12.9298,77.5828
1292_758,12.9298,77.5828
1292_7757,12.9189,77.5826
1292_7758,12.9238,77.5938
1292_7759,12.9245,77.5931
1293_1257,12.9235,77.5925
1293_7758,12.9334,77.5816
1294_7750,12.9455885,77.50428913
1294_7758,12.9235,77.5815
1298_7759,12.9236,77.582
1308_8020,13.08188,80.207947
1309_8020,13.09489,80.20011
1312_8023,13.12876,80.23122
1312_8026,13.12456,80.260375
1325_7710,12.9248,77.5932
1393_7757,12.9715,77.6124
1804_7720,12.9716,77.5946
1938_7718,12.9258,77.5832
4291_11752,12.9716,77.5946
7735_7735,12.925,77.5938
7758_1292,12.925,77.5938
1226_7664,12.9077,77.5858
1289_7753,12.9077,77.5858
1290_7664,12.9077,77.5858
1286_7756,12.9138,77.5668
1290_5877,12.9078,77.5718
1290_7759,12.9138,77.5668
1291_7733,12.9098,77.5588
1299_8023,12.998325,80.237712
1294_7765,12.9458109,77.65600285
1294_7766,12.9431447,77.6646442
1295_7764,12.95644444,77.64314986
1295_7765,12.95650011,77.65515678
1295_7766,12.9578068,77.66253485
1295_7768,12.95538669,77.68459927
1296_7764,12.96478074,77.64506096
1296_7765,12.96506508,77.65519138
1296_7766,12.96477514,77.66609856
1297_7764,12.97403751,77.64393518
1297_7765,12.97277958,77.65372837
1297_7766,12.97388211,77.66541789
1348_7730,12.9495,77.6468
2303_7264,12.9873,77.6535
7765_1295,12.9752,77.6087
7765_7765,12.9838,77.6598
1264_7761,12.9784,77.6408
1299_7765,12.99299063,77.65617637
1212_7747,13.0216,77.5448
1212_7748,12.9718,77.4992
1223_7711,12.9668,77.5008
1233_7722,12.9238,77.5018
1233_7733,13.0216,77.5448
1256_7730,12.9726,77.5808
1257_7728,12.9238,77.5018
1257_7729,12.9728,77.4998
1257_7730,12.9698,77.5068
1293_7797,12.93915,77.97652
1293_7798,12.93697,77.9892
1294_7747,12.94366181,77.47577056
1294_7748,12.94537395,77.486956
1295_7748,12.95453132,77.48499673
1295_7749,12.95370806,77.49535304
1295_7750,12.95670836,77.50570249
1296_7747,12.96376808,77.47389383
1296_7748,12.96404278,77.48641471
1509_7524,12.9654,77.5068
500_7524,12.9815,77.4945
7748_1294,12.9818,77.5045
7749_1294,12.9246,77.4998
7749_1295,12.9815,77.4945
7749_1296,13.0378,77.5304
7750_1295,12.9654,77.5068
7751_1295,12.9958,77.5063
7751_1298,12.9815,77.4945
7754_1292,12.9818,77.5045
1301_7762,13.0164283,77.62407567
1302_1762,13.026908,17.620375
1302_7665,13.02701842,76.65174609
1302_7762,13.02322511,77.62724419
1303_7582,13.035004,75.82701
1303_7761,13.03464624,77.61593482
1282_7765,12.8965,77.5938
1284_7759,12.8965,77.5938
1299_7715,13.0212,77.7172
1299_7767,12.99604912,77.67426992
1299_7771,12.9925,77.7132
1299_7775,13.0218,77.7176
1300_7610,13.004198,76.107379
1300_7703,13.0015,77.7021
1300_7712,13.00315125,77.12473625
1300_7714,13.001524,77.1438115
1300_7721,13.0011135,77.213827
1300_7739,13.0067032,77.393723
1300_7767,13.0012,77.7015
1300_7768,13.0211,77.7175
1300_7769,13.0075,77.6953
1300_7770,13.0138,77.6967
1300_7771,12.9927,77.7131
1300_7772,13.0045,77.6879
1301_1170,13.0016,77.7014
1301_7403,13.0043,77.6875
1301_7712,12.9927,77.7131
1301_7745,13.01,77.46
1301_7767,13.0054,77.6911
1301_7768,13.0216,77.7174
1301_7769,13.0214,77.7172
1301_7770,13.0074,77.696
1301_7771,13.0081,77.7
1301_7772,12.9922,77.7129
1301_7773,13.010811,77.730559
1301_7774,13.0045,77.6879
1301_7868,13.016102,78.683463
1302_769,13.0134,77.6975
1302_7768,12.9926,77.7135
1302_7769,13.02373062,77.69454405
1302_7770,13.0047,77.6876
1302_7771,13.0052,77.6882
1302_7772,13.0073,77.6952
1303_7766,13.0185,77.6994
1303_7769,13.0135,77.6972
1303_7770,13.0135,77.6972
1303_7771,13.0135,77.6972
1304_7734,13.049927,77.346495
1304_7767,13.0012,77.7015
1304_7769,13.04521446,77.69340464
1304_7770,13.04723,77.704454
1304_7771,13.0069,77.6945
1304_7772,12.9924,77.7128
1305_7773,13.056688,77.735032
1310_7818,13.1050985,78.185744
1312_7712,13.1238297,77.12435961
1312_7721,13.123106,77.213656
1312_7752,13.124,77.525
1312_7767,13.0217,77.7176
1313_1170,13.13621,11.70674
1313_7770,13.13484333,77.70652533
1319_7846,13.0128,77.6969
1322_7774,13.2271121,77.74463279
1323_7725,13.234541,77.25365
1345_7771,12.9189,77.6207
1345_7774,13.0289,77.5478
1345_7784,13.0036,77.6634
1352_7771,13.0226,77.6781
1365_7762,13.0479,77.5338
1372_7737,13.0289,77.6948
1372_7742,13.0289,77.6948
1372_7772,13.0289,77.5478
1375_7784,13.0289,77.5478
1377_7796,13.0226,77.6781
1378_7784,13.0226,77.6781
1381_7770,13.0036,77.6634
1399_7771,13.0088,77.6957
1540_7400,13.0289,77.5478
1639_7403,13.0137,77.6976
1740_7847,13.0088,77.6957
200_7403,13.0088,77.6957
3301_7770,13.0226,77.6781
3659_7602,13.0226,77.6781
611_7712,13.0226,77.6781
612_7735,13.0289,77.5478
615_7765,13.0289,77.5478
616_7712,13.0088,77.6957
644_7713,13.0226,77.6781
645_7715,13.0088,77.6957
645_7765,12.9919,77.7148
646_7746,13.0289,77.5478
646_7754,13.0088,77.6957
652_6648,12.9919,77.7148
654_7714,13.0226,77.6781
654_7745,13.0289,77.5478
662_7721,13.0088,77.6957
665_7716,13.0226,77.6781
668_7763,12.9919,77.7148
679_7779,13.0226,77.6781
7767_1301,13.0226,77.6781
7767_1302,13.0226,77.6781
7768_1300,12.9468,77.6108
7768_1301,13.0088,77.6957
7768_1302,13.0088,77.6957
7769_1300,13.0289,77.5478
7769_1301,13.0226,77.6781
7769_1302,13.0226,77.6781
7769_1303,13.0226,77.6781
7769_7769,13.0128,77.7055
7770_1300,13.0128,77.7055
7770_1301,13.0088,77.6957
7770_1302,13.0088,77.6957
7771_1300,12.9919,77.7148
7771_1301,13.0088,77.6957
7771_1303,13.0088,77.6957
1209_7771,13.0184,77.6957
1298_7770,12.98641015,77.70523677
1300_7766,13.00410085,77.66456756
1302_7767,13.02112445,77.67628482
1303_7767,13.03576433,77.674237
1303_7768,13.035874,77.68507267
1319_7743,13.19,77.432083
1325_7726,13.255333,77.266252
1325_7736,13.259661,77.369553
1390_7678,12.9629,77.5808
1398_7770,13.0189,77.6787
7766_1300,13.0038,77.6632
7771_1298,12.9948,77.6825
1217_7745,13.0255,77.5968
1256_7704,13.0628,77.7468
1258_7775,13.0178,77.5958
1271_7770,13.0178,77.5958
1271_7771,13.0178,77.5958
1295_7775,12.9858,77.7588
1297_7777,12.97584433,77.77121767
1298_7744,13.0132,77.7719
1298_7776,12.9861,77.7592
1298_7777,12.9864,77.7587
1299_7773,12.9624,77.7572
1299_7774,12.9958,77.7533
1299_7777,12.9986,77.7481
1300_7744,13.004237,77.44217
1300_7773,13.0015,77.7285
1300_7775,13.0125,77.7547
1300_7776,13.0119,77.7285
1301_7707,13.0117,77.07644
1301_7775,13.012,77.7282
1302_7774,13.02803967,77.74636793
1302_7775,13.0228315,77.758335
1302_7777,13.026743,77.775636
1303_7775,13.03342483,77.7562489
1303_7777,13.037466,77.770143
1327_7749,13.0112,77.7282
2079_7734,13.0412,77.7395
7777_1303,13.0269,77.8098
1304_7761,13.04446182,77.61714834
1377_7745,13.0516,77.6129
1396_7761,13.0516,77.6129
1202_7772,12.9589,77.5738
1215_7710,12.9623,77.5735
1215_7757,12.9589,77.5794
1260_7711,12.9278,77.6038
1280_7715,12.9608,77.5736
1285_7736,12.9718,77.6028
1290_7638,12.9628,77.5718
1291_7804,12.9498,77.5848
1295_7738,12.9592,77.5843
1296_1257,12.9616,77.5833
1394_7555,12.9693,77.5377
1724_8012,12.9232,77.6128
1775_7276,12.9619,77.5828
7757_1295,12.9637,77.5768
7757_1296,12.9631,77.5804
7758_1295,12.9587,77.5862
7758_1296,12.9497,77.5314
7758_7758,12.9529,77.5945
1245_7794,12.9716,77.5946
1256_7763,12.9828,77.5128
1266_7794,12.9716,77.5946
1286_7769,12.9716,77.5946
1293_7729,12.9358,77.5128
1298_7490,12.9877,77.5033
1298_7723,12.984782,77.5212
1298_7735,12.980372,77.353466
1298_7751,12.983532,77.5306
1298_7752,12.9887,77.5271
1299_7750,12.99404502,77.50498802
1299_7751,12.9875,77.5035
1488_7571,12.984,77.5185
1998_7752,12.9837,77.5248
7750_1298,12.9841,77.5242
7750_1299,13.0178,77.5072
7750_1395,13.0178,77.5072
7752_1298,13.0344,77.5226
9526_3895,12.8938,77.5567
1205_7725,12.9048,77.5242
1235_7755,12.9048,77.5338
1254_7752,12.9698,77.5318
1258_7730,12.9698,77.5318
1259_7766,12.9698,77.5318
1291_7745,12.9048,77.5338
1296_7729,12.969908,77.29298
1352_7725,12.9134,77.5314
300_7638,12.9841,77.5242
1115_7907,12.9776,77.5476
1251_7725,12.9776,77.5354
1254_7714,12.9788,77.5518
1256_7745,12.9776,77.5354
1286_7795,12.9788,77.5518
1286_7796,12.9798,77.5488
1289_7732,12.9776,77.5354
1296_7740,12.9660125,77.40106
1296_7755,12.9741,77.5588
1296_7756,12.9751,77.5576
1297_7705,12.9735,77.5583
1297_7755,12.97409979,77.55707
1297_7756,12.9754,77.5569
1297_7794,12.9785,77.94909
1298_7786,12.9739,77.5586
1396_7754,12.9784,77.5494
1687_7364,12.9749,77.5621
7755_1296,12.9852,77.5336
7756_1285,12.9776,77.5354
7756_1297,12.9776,77.5354
1257_7755,12.9338,77.5708
1258_7737,12.9338,77.5708
1275_7755,12.9558,77.5668
1295_1756,12.9530245,17.564528
1295_7755,12.95557564,77.55413022
1331_7682,12.9566,77.5652
1219_7748,12.9868,77.5682
1223_7798,12.9569,77.4975
1225_7702,12.9618,77.5488
1232_7756,12.9569,77.4975
1232_7761,12.9658,77.5828
1232_7765,12.9696,77.5795
1235_7763,12.9988,77.5408
1237_7756,12.9696,77.5795
1242_7799,12.9696,77.5795
1244_7729,12.9569,77.4975
1245_7746,12.9245,77.4995
1245_7766,12.9696,77.5795
1248_7745,12.9696,77.5795
1248_7765,12.9618,77.5488
1253_1730,13.0628,77.7468
1253_7728,12.8938,77.6688
1253_7729,12.9245,77.4995
1253_7730,12.9658,77.5828
1254_7728,12.9569,77.4975
1254_7729,12.9618,77.5488
1254_7758,12.8938,77.6688
1254_7765,12.9618,77.5488
1255_7728,12.9696,77.5795
1255_7729,12.9696,77.5795
1255_7730,12.9618,77.5488
1255_7745,12.9918,77.5438
1255_7763,12.9569,77.4975
1256_7728,12.9658,77.5828
1256_7729,12.9569,77.4975
1256_7765,12.9696,77.5795
1261_7706,12.9569,77.4975
1263_7736,12.9569,77.4975
1263_7755,12.9569,77.4975
1265_7755,12.9618,77.5488
1265_7765,12.9696,77.5795
1265_7795,12.9618,77.5488
1266_7765,12.9658,77.5828
1266_7793,12.9858,77.5658
1272_7748,12.9618,77.5488
1285_7744,12.9696,77.5795
1287_7744,12.9245,77.4995
1289_7749,12.9368,77.5058
1289_7750,12.9658,77.5828
1289_7751,12.9658,77.5828
1289_7752,12.9618,77.5488
1290_7744,12.8988,77.6438
1290_7746,12.9141,77.4871
1290_7747,12.9141,77.4871
1290_7748,12.9141,77.4871
1290_7749,13.0628,77.7468
1290_7750,12.9658,77.5828
1290_7751,13.0628,77.7468
1290_7752,13.0628,77.7468
1291_7702,12.8988,77.6438
1291_7729,12.8888,77.6218
1291_7747,12.9178,77.5488
1291_7748,12.9141,77.4871
1291_7749,13.0628,77.7468
1291_7750,12.9618,77.5488
1291_7778,12.9858,77.5658
1291_7798,12.9696,77.5795
1292_7720,12.9245,77.4995
1292_7746,12.9141,77.4871
1292_7747,12.9696,77.5795
1292_7748,12.9368,77.5058
1292_77484,12.9696,77.5795
1292_7749,12.9618,77.5488
1293_7747,12.9696,77.5795
1293_7748,12.9658,77.5828
1293_7749,12.9618,77.5488
1294_7749,12.94434473,77.49384153
1307_8018,13.07867,80.18608
1526_7614,13.0317,77.7462
2325_7743,12.9558,77.6168
3307_7979,12.9519,77.4918
6213_5659,12.9736,77.5792
7746_1290,12.9147,77.4828
7747_1290,12.9147,77.4828
7747_1291,13.0417,77.5325
7748_1290,12.9147,77.4828
7748_1291,12.9147,77.4828
7748_1292,12.9558,77.6168
7749_1290,13.0317,77.7462
7749_1291,13.0317,77.7462
7749_1292,12.9558,77.6168
7749_1293,12.9558,77.6168
7750_1290,12.9147,77.4828
7750_1291,13.0317,77.7462
1230_7751,12.9248,77.5486
1255_1748,12.9088,77.4826
1255_7746,12.9458,77.5838
1255_7747,12.9518,77.5308
1255_7749,12.9518,77.5308
1255_7751,12.9518,77.5308
1255_7752,12.9518,77.5308
1255_7753,12.9147,77.4828
1255_7767,12.9088,77.4826
1282_7684,12.9088,77.4826
1288_7746,12.9248,77.5486
1288_7747,12.9518,77.5308
1288_7748,12.9518,77.5308
1288_7750,12.9518,77.5308
1288_7752,12.9518,77.5308
1289_7746,13.0628,77.7468
1289_7747,12.9518,77.5308
1291_7746,12.9518,77.5308
1293_7746,12.9518,77.5308
1297_7747,12.970967,77.471186
1305_7758,13.05721714,77.58244736
1305_7759,13.05576381,77.59548207
1306_7758,13.0643158,77.58424979
1307_7758,13.07583267,77.58459467
1221_7756,12.9856,77.5158
1224_7725,12.8639,77.5965
1225_7726,12.9348,77.5638
1235_7736,12.8639,77.5965
1252_7733,12.8847,77.5653
1277_7756,12.9958,77.6168
1279_7762,12.8569,77.5968
1282_7756,12.9878,77.5188
1283_7757,12.9878,77.5188
1283_7758,12.9878,77.5188
1284_7757,12.9878,77.5188
1284_7758,12.9878,77.5188
1285_3533,12.8688,77.5858
1285_7758,12.8569,77.5968
1286_7757,12.9188,77.4958
1286_7758,12.9188,77.4958
1286_7759,12.9878,77.5188
1287_2757,13.0618,77.6488
1287_7755,12.8847,77.5653
1287_7756,12.9208,77.5418
1287_7757,12.8738,77.5958
1287_7758,12.8738,77.5958
1288_1284,12.9188,77.4958
1288_7745,12.8847,77.5653
1325_7646,13.259409,76.460966
1339_7792,12.8579,77.5968
1375_7636,12.8847,77.5653
7756_288,12.9248,77.5415
7757_1286,13.0623,77.6486
1278_7769,12.9352,77.6245
1280_7742,12.9928,77.6518
1302_7741,13.025641,77.412536
1304_7739,13.041731,77.390741
1305_7765,13.05599609,77.65237508
1305_7766,13.05691386,77.661832
1306_7764,13.06250894,77.64335094
1306_7765,13.06509594,77.65421361
1306_7766,13.061696,77.6653695
1307_7764,13.07646888,77.64625443
1307_7766,13.07864325,77.66643075
1307_7767,13.071681,77.673064
1308_7764,13.08445027,77.6438987
1308_7766,13.08244933,77.6652483
1308_7767,13.08359025,77.67495275
1389_7789,13.0668,77.6118
1390_7764,13.0718,77.6314
1206_7757,12.9068,77.5635
1277_7725,12.8898,77.5568
1288_7758,12.9078,77.5608
1289_756,12.8808,77.6288
1289_7755,12.9078,77.5608
1289_7756,12.9068,77.5608
1289_7757,12.9068,77.5608
1290_7755,12.9188,77.5418
1290_7756,12.9078,77.5608
1290_7757,12.9068,77.5608
1291_7756,12.9038,77.5538
1291_7757,12.9478,77.5318
1293_7725,12.8898,77.5568
1295_7756,12.95605968,77.56538771
2844_6200,12.9108,77.6128
7756_1290,12.9316,77.6034
1245_7724,12.9098,77.5586
1254_7733,13.0128,77.5228
1260_7751,12.9828,77.5188
1269_7752,12.9098,77.5586
1284_7755,12.9048,77.5338
1284_7756,12.9048,77.5338
1285_7753,12.9048,77.5338
1285_7756,12.8648,77.5608
1286_7750,12.9048,77.5338
1286_7753,12.9098,77.5586
1286_7754,12.9098,77.5586
1287_7749,12.9048,77.5338
1288_7756,12.9098,77.5586
1289_7799,12.9428,77.5678
1290_7753,12.9048,77.5338
1291_1211,12.9098,77.5586
1291_7754,12.9138,77.5488
4624_4381,12.9768,77.5724
675_7725,13.0413,77.5316
7733_1211,12.9098,77.5586
7733_1252,12.9098,77.5586
7736_1225,12.9182,77.5568
7741_1215,13.0436,77.5335
7742_1211,12.9316,77.6034
7742_1212,13.0436,77.5335
7744_1212,12.9068,77.5408
7745_1240,13.0468,77.5302
7748_1219,12.9098,77.5586
7753_1290,12.9132,77.5308
7754_1211,13.0436,77.5335
7754_1214,12.9098,77.5586
7754_1289,13.0298,77.5437
7755_1214,13.0432,77.5216
7755_1240,12.9098,77.5586
7755_1288,12.9098,77.5586
7756_1240,12.8768,77.5808
7756_1291,12.9068,77.5408
7756_1295,13.0413,77.5316
7757_1221,12.9098,77.5586
7757_1242,12.9098,77.5586
7757_1287,12.8768,77.5808
7757_1290,12.9098,77.5586
7757_1291,12.9098,77.5586
7758_1218,12.9078,77.5763
7761_1218,12.9316,77.6034
7766_1278,12.9098,77.5586
7767_1221,12.9476,77.6279
7768_1222,12.9316,77.6034
7778_1212,12.9098,77.5586
1208_7760,12.9716,77.6176
1213_7712,12.9716,77.5946
1233_7761,12.9172,77.6228
1255_7736,12.9728,77.5948
1256_7761,12.9716,77.5946
1281_7758,12.9728,77.5948
1298_7760,12.98824476,77.6014266
3033_7638,12.9716,77.5946
1216_7745,12.9658,77.5828
1217_7736,12.8895,77.6388
1271_7762,13.0788,77.5718
1288_7764,12.9176,77.6179
1289_7761,12.8895,77.6388
1289_7763,12.9176,77.6179
1289_7764,12.9176,77.6179
1290_7762,12.9216,77.6182
1290_7763,12.9223,77.6175
1291_7762,12.9226,77.6174
1292_7762,12.9198,77.641
1296_7716,12.9248,77.6322
1221_7714,12.9908,77.5628
1235_7732,12.9868,77.5246
1236_7705,12.9908,77.5628
1236_7758,12.9928,77.5158
1254_7732,13.0388,77.5198
1258_7723,12.9808,77.5738
1259_7753,12.9868,77.5246
1261_7725,12.9868,77.5246
1261_7765,12.9988,77.5488
1265_1265,12.9908,77.5628
1265_7715,12.9868,77.5246
1265_7735,12.9898,77.5238
1265_7736,12.9868,77.5246
1265_7738,12.9988,77.5488
1265_7751,12.9908,77.5628
1265_7758,12.9925,77.5528
1265_7759,12.9925,77.5528
1265_7768,12.9925,77.5528
1298_7732,12.9774,77.5623
1298_7736,12.987542,77.365842
1298_7785,12.9739,77.5549
1345_7622,12.9732,77.5542
7721_1236,12.9915,77.5553
1236_7786,12.9915,77.5553
1236_7789,12.9776,77.5354
1256_7798,12.9915,77.5553
1257_7798,12.9915,77.5553
1258_7733,12.9776,77.5354
1259_7756,12.9915,77.5553
1265_7753,12.9915,77.5553
1275_7796,12.9776,77.5354
1277_7754,12.9915,77.5553
1296_7726,12.9657565,77.265898
1296_7732,12.96418933,77.322922
1297_755,12.974868,7.552116
1297_7712,12.9786,77.12896
1297_7798,12.9741,77.9865
1298_755,12.9806,7.5538
1298_7712,12.98605,77.124505
1298_7756,12.98592823,77.56496354
1344_7652,13.0836,77.5402
7755_1297,12.9915,77.5553
7755_1298,12.9915,77.5553
1212_7512,12.9689,77.7124
1212_7765,12.9728,77.7138
1239_7769,12.9938,77.6685
1278_7725,12.9958,77.6598
1296_7787,12.9912,77.6879
1297_7767,12.9968,77.6922
1297_7769,12.9909,77.6875
1297_7770,12.97346268,77.70304758
1297_7771,12.97370637,77.71384935
1298_7767,12.98566393,77.6751405
1298_7768,12.985935,77.68578481
1298_7769,12.98409926,77.69320453
1298_7771,12.98591875,77.71268525
1299_7766,12.99482543,77.66696996
1299_7768,12.99389657,77.68463868
1299_7769,12.992,77.6924
1299_7770,12.9925,77.6928
1299_7772,12.99907,77.6871
1277_7798,13.0148,77.5482
1300_7353,13.00101,73.53358
1301_7702,13.012216,77.02454
1305_7702,13.052465,77.021568
1315_7712,13.1548755,77.125486
1318_7753,13.189352,77.53962
1321_7721,13.214425,77.214115
1325_7754,13.25646,77.54687
1325_7758,13.254025,77.5845215
1325_7785,13.254876,77.856492
1335_7746,13.0148,77.5495
1336_7746,13.0148,77.5495
1343_7753,12.9365,77.5508
1345_7715,13.0148,77.5495
1345_7748,13.0282,77.5334
1345_7754,13.0148,77.5495
1346_7744,13.0148,77.5495
1346_7745,13.0148,77.5495
1346_7746,13.0127,77.5518
1346_7748,12.9365,77.5508
1346_7754,13.0127,77.5518
1352_7768,13.0148,77.5495
1354_7744,13.0148,77.5495
1354_7746,13.0203,77.605
1354_7756,13.0203,77.605
1356_7716,13.0127,77.5518
1356_7725,13.0148,77.5495
1356_7726,13.0127,77.5518
1356_7735,13.0127,77.5518
1356_7754,13.0127,77.5518
1361_7765,12.9968,77.5718
1362_7763,13.0203,77.605
1363_7762,13.0203,77.605
1365_7716,12.9365,77.5508
1365_7756,13.0148,77.5495
1365_7765,13.0148,77.5495
1366_7745,13.0282,77.5334
1366_7746,13.0127,77.5518
1366_7765,13.0203,77.605
1366_7785,13.0148,77.5495
1368_7756,13.0148,77.5495
1368_7758,13.0148,77.5495
1397_7750,13.0282,77.5334
4138_4924,13.0127,77.5518
7725_1200,13.0203,77.605
7753_1300,13.0203,77.605
7754_1300,13.0127,77.5518
7754_1301,13.0162,77.5497
7754_1399,13.0374,77.5255
7795_1232,13.0203,77.605
1200_7700,13.0035,77.5706
1200_7725,13.0035,77.5706
1201_7725,13.0035,77.5706
1201_7734,13.0035,77.5706
1202_7725,13.0035,77.5706
1202_7734,13.0035,77.5706
1202_7751,13.0035,77.5706
1212_1325,13.0035,77.5706
1225_7725,13.0035,77.5706
1225_7756,13.0035,77.5706
1236_7725,13.0035,77.5706
1245_7734,13.0035,77.5706
1245_7798,13.0035,77.5706
1249_7726,13.0035,77.5706
1252_7752,13.0035,77.5706
1256_7731,13.0035,77.5706
1258_7705,13.0035,77.5706
1258_7725,13.0035,77.5706
1258_7752,13.0035,77.5706
1258_7756,13.0035,77.5706
1259_7734,13.0062,77.5694
1259_7752,13.0035,77.5706
1265_7712,13.0035,77.5706
1289_7789,13.0035,77.5692
1295_7342,12.956762,73.42831814
1295_7715,12.95782793,77.15535276
1295_7725,13.0097,77.567
1295_7745,12.9995,77.5698
1299_100,12.9945,77.5705
1299_7725,12.99664,77.256489
1299_7733,12.993886,77.33524
1299_7799,12.990025,77.995216
1300_7725,13.0025362,77.254658
1300_7734,13.00293092,77.34356133
1300_7756,13.00444876,77.56411625
1300_7757,13.00424856,77.57538115
1302_7712,13.02469,77.123522
1302_7725,13.02425797,77.25448467
1302_7754,13.0057,77.5676
1306_7757,13.0067,77.5659
1313_7756,13.130049,77.568303
1315_7734,13.154896,77.341365
1325_7752,13.0024,77.5684
1358_7725,13.0035,77.5706
1631_7342,13.0097,77.5658
7712_1123,13.0035,77.5706
7715_1254,13.0035,77.5706
7721_1214,13.0035,77.5706
7721_1224,13.0035,77.5706
7725_1212,13.0035,77.5706
1259_1734,13.0035,77.5706
1309_7634,13.09499051,76.34186304
1325_7757,13.254782,77.57147
1779_8321,13.0097,77.5639
1203_7762,12.9365,77.7011
1235_7757,12.9365,77.6947
1257_7768,12.9365,77.6947
1283_7763,12.9498,77.6898
1293_7768,12.93399703,77.68594795
1294_7767,12.94547417,77.67408282
1294_7768,12.94729489,77.6843851
675_7768,12.9352,77.7013
1209_7736,12.9166,77.6073
1209_7750,12.9166,77.6073
1254_7736,12.9166,77.6101
1288_7759,12.8956,77.6158
1288_7760,12.8956,77.6158
1288_7761,12.8956,77.6158
1289_7760,12.8956,77.6158
1290_7760,12.9118,77.6108
1290_7761,12.9118,77.6108
1291_7760,12.9118,77.6108
1291_7761,12.9118,77.6108
1292_7760,12.9258,77.6108
1292_7761,12.9168,77.6068
1293_7761,12.93514856,77.61471069
1398_7653,12.9173,77.6109
1587_7449,12.9166,77.6101
1826_7821,12.9166,77.6101
7736_1254,12.9166,77.6101
7736_1255,12.9166,77.6101
7737_1254,12.9166,77.6101
7759_1290,12.9166,77.6101
7760_1290,12.8979,77.6143
7760_1291,12.9166,77.6101
7760_1292,12.9208,77.6093
823_6825,12.8979,77.6143
828_8824,12.8979,77.6143
832_8835,12.9166,77.6101
1289_7759,12.8998,77.5968
1291_7759,12.9168,77.6108
1300_7753,13.00641863,77.53363877
1301_7753,13.01562158,77.53431214
1301_7754,13.01485735,77.54358396
1302_7753,13.02548263,77.53650359
1399_7752,13.0376,77.5413
1576_7484,13.014,77.5359
7752_1301,13.0376,77.5413
7753_1301,13.0409,77.5334
7753_7753,13.0409,77.5334
1376_7755,13.0287,77.5545
3708_7717,13.0287,77.5545
3708_7775,13.0287,77.5545
1367_7797,13.1005,77.5968
1907_7287,13.0858,77.6374
2095_8509,13.1268,77.6676
2257_8836,13.0858,77.6374
2271_7585,13.0674,77.5819
2298_8785,13.0795,77.5577
2403_8672,13.0716,77.5969
2620_9293,13.0795,77.5577
2754_7740,13.0716,77.5969
1268_7770,12.8768,77.6518
1283_7746,12.8768,77.6518
1284_7746,12.8738,77.6668
1284_7768,12.8678,77.6418
1285_7768,12.8678,77.6418
1285_7769,12.8468,77.6768
1286_7765,12.8778,77.6498
1286_7767,12.8452,77.66
1287_7766,12.8768,77.6518
1288_7766,12.8768,77.6518
1288_7768,12.8738,77.6668
1261_7704,13.0398,77.5148
1301_7748,13.01673191,77.484116
1302_7747,13.02637756,77.47911322
1302_7748,13.0271019,77.48603534
1302_7749,13.02856313,77.49440474
1303_7748,13.03564729,77.48654699
1303_7749,13.03475782,77.4953026
1303_7750,13.03478581,77.50487838
1304_1304,13.04152138,13.04152138
1304_7747,13.042193,77.479898
1304_7748,13.04305132,77.4861127
1304_7750,13.04526482,77.50584336
1304_7751,13.04248916,77.51521234
1304_7752,13.04387411,77.52388815
1305_7749,13.05218513,77.49573542
1305_7750,13.0548342,77.50590957
1305_7751,13.05329825,77.5139911
1306_7749,13.06309945,77.49783481
1307_7787,13.076543,77.874755
1335_7749,13.0476,77.5148
1343_7750,13.0329,77.5183
1352_7752,13.0316,77.52
1356_756,13.0329,77.5183
1816_7257,13.0536,77.4896
1922_7308,12.9716,77.5946
675_7701,13.0329,77.5183
675_7751,13.0448,77.5096
7730_1301,13.0316,77.52
7748_1302,13.0536,77.4896
7748_1303,13.0536,77.4896
7748_1304,13.0536,77.4896
7749_1302,13.0523,77.5145
7749_1303,13.0523,77.5145
7749_1304,13.0536,77.4896
7750_1302,13.0448,77.5096
7750_1303,13.0523,77.5145
7750_1305,13.0476,77.5148
7750_7750,13.0208,77.5158
7751_1303,13.0523,77.5145
7751_1304,13.0523,77.5145
7751_1305,13.0476,77.5148
7751_7751,13.0316,77.52
7752_1305,13.0476,77.5148
1300_52,13.00370862,0.52624992
1300_7731,13.00233689,77.31117356
1301_7723,13.01875,77.236587
1301_7725,13.019901,77.256987
1302_7730,13.02328707,77.30505513
1302_7750,13.02593944,77.50615332
1302_7751,13.02651893,77.51634487
1302_7752,13.02360594,77.52571846
1303_7751,13.03798152,77.51599284
1303_7752,13.03526968,77.52525606
1304_7749,13.04806338,77.49666762
1306_7748,13.0682035,77.48954272
1308_7752,13.08687,77.520224
1328_7703,13.285,77.0354
1328_7752,13.284052,77.5200138
1376_7670,13.0476,77.5148
3301_7750,13.0476,77.5148
7749_1306,13.0476,77.5148
7750_1304,13.0476,77.5148
7751_1302,13.0476,77.5148
1298_7726,12.987954,77.268521
1299_7726,12.999243,77.268521
1299_7736,12.9971495,77.36545075
1299_7796,12.999242,77.965823
1307_7759,13.07425812,77.59412825
1317_7767,13.17837422,77.67109456
2419_8266,13.0004,77.6144
1296_7724,12.96351,77.243176
1299_7757,12.99595279,77.57302464
1299_7762,12.99906198,77.6222724
1300_7724,13.000405,77.243176
1300_7762,13.00441364,77.62505573
1288_7757,12.9078,77.5538
1301_7701,13.01462,77.014232
1301_7703,13.01282533,77.0318692
1301_7706,13.0139654,77.064201
1301_7713,13.013523,77.132913
1302_7704,13.023123,77.04562323
1302_7713,13.028537,77.132913
1303_7702,13.03165,77.02416
1304_7721,13.04532,77.21634
1305_7703,13.05323,77.034213
1305_7713,13.055265,77.134021
1306_1365,13.064213,13.65985
1306_7710,13.067469,77.103242
1306_7713,13.067469,77.136856
1313_7713,13.132535,77.13328233
1313_7731,13.13123,77.31423
1313_7753,13.13567,77.53889
1315_7731,13.15837,77.31063
1316_7713,13.165464,77.136542
1316_7731,13.16496212,77.31682334
1317_7731,13.17766642,77.31775472
1321_7731,13.2138,77.315252
1324_7731,13.2461,77.314626
1329_7732,13.2935,77.324562
1362_7753,13.0285,77.5408
1365_7752,13.0328,77.5439
1382_7753,13.0328,77.5439
1382_7756,13.0285,77.5408
1755_1301,13.0315,77.5438
4400_4589,13.0328,77.5439
7714_1385,13.0285,77.5408
7716_1314,13.0328,77.5439
7752_1302,13.0294,77.5434
7752_1303,13.0294,77.5434
7753_1302,13.0285,77.5408
7753_1326,13.0285,77.5408
7754_1302,13.0328,77.5439
7754_1321,13.0328,77.5439
7754_1365,13.0328,77.5439
7755_1321,13.0284,77.5356
7766_1354,13.0284,77.5356
1301_7382,13.01996,73.82025625
1301_7729,13.015055,77.2933495
1301_7736,13.01345375,77.3612579
1301_7759,13.01588786,77.59488817
1302_7729,13.02048,77.29452
1302_7795,13.027356,77.957186
1303_7729,13.03174,77.2991
1303_7759,13.03461188,77.59642028
1317_7759,13.1794,77.591
1320_7759,13.202563,77.594542
1331_7729,12.9154,77.6148
1361_7759,13.0088,77.6118
1399_7760,13.0088,77.6118
1677_7382,13.0269,77.6127
1745_7845,13.0187,77.5949
7735_1255,13.0219,77.5963
7735_1301,13.0269,77.6127
7736_1301,13.0219,77.5963
7759_1302,13.0219,77.5963
1301_1759,13.013443,17.593646
1301_7757,13.01428238,77.57391677
1301_7758,13.01448004,77.58402439
1301_7778,13.013778,77.787758
1302_1758,13.022808,17.584503
1302_7757,13.02733687,77.57572354
1302_7758,13.02524529,77.58548341
1302_7759,13.02366176,77.59437629
1302_7787,13.028391,77.871223
1303_1303,13.03496,13.03496
1303_1758,13.03928133,17.58933633
1303_1788,13.033171,17.88171
1303_7756,13.03527409,77.5660009
1303_7757,13.03393132,77.57538378
1303_7758,13.03760751,77.58831068
1303_7787,13.034129,77.871223
1303_7788,13.03317762,77.88173294
1304_7676,13.04154136,76.76879383
1304_7757,13.04338439,77.57472353
1304_7758,13.04266784,77.58366732
1326_7757,13.26834,77.579741
1335_7759,13.0243,77.5943
1339_7758,13.0243,77.5943
1393_7758,13.0243,77.5943
1259_7730,13.0278,77.5078
1259_7731,12.9488,77.5628
1281_7760,12.9716,77.5946
1300_7700,13.00038474,77.00023369
1300_7729,13.001738,77.29529329
1300_7730,13.00276007,77.30306638
1300_7749,13.00233798,77.49843027
1300_7750,13.0027469,77.50335741
1300_7751,13.00555166,77.51586204
1300_7752,13.00668336,77.52582776
1301_7730,13.01149653,77.304831
1301_7731,13.012493,77.31153778
1301_7750,13.01230572,77.50363542
1301_7752,13.01446488,77.52602048
1321_7760,13.21753054,77.60961588
1345_7725,13.0288,77.5069
1345_7751,13.0288,77.5069
1432_7614,13.0345,77.5168
1432_7750,13.0288,77.5069
7732_1259,13.0454,77.5167
7750_1300,13.0288,77.5069
7750_1301,13.0289,77.5189
7751_1300,13.0288,77.5069
7752_1300,12.9195,77.5614
1298_7321,12.9890567,73.21704058
1722_7321,12.9295,77.5846
6299_7755,13.0315,77.5438
7733_1259,12.9295,77.5846
773_125,13.0315,77.5438
1202_7723,12.9915,77.5553
1212_7744,12.9915,77.5553
121_763,13.0148,77.5486
1225_7732,12.9915,77.5553
1231_7669,12.9178,77.6114
1234_1257,13.0148,77.5482
1234_7731,13.0148,77.5486
1236_7723,12.9915,77.5553
1242_7764,12.9915,77.5553
1258_7746,13.0148,77.5482
125_707,12.9915,77.5553
125_771,12.9178,77.6114
125_773,12.9178,77.6114
125_774,13.0148,77.5486
125_777,12.9178,77.6114
1297_7741,12.972504,77.411712
1297_7757,12.97358948,77.57473237
129_775,1.298817475,7.755691275
1300_7701,13.001245,77.015425
1300_7783,13.008525,77.833645
1302_7731,13.02612,77.31405444
1302_7755,13.0238493,77.55519405
1303_7755,13.03374045,77.55631635
1303_7760,13.0344316,77.60604346
1304_7732,13.0453656,77.3228462
1305_7732,13.05501759,77.322596
1308_7731,13.0894,77.315485
130_773,1.303915149,7.732410948
130_7732,1.301398,77.323368
130_774,1.30036,7.740344
130_775,1.300264586,7.754864593
1310_7731,13.10887,77.315317
1312_7725,13.1258,77.2589
1314_7725,13.1456,77.2546
1315_7753,13.1599,77.5338
1317_7732,13.1768,77.321271
1318_7732,13.186475,77.32377475
131_773,1.314703375,7.731910937
1321_7723,13.213654,77.231456
1323_7723,13.232564,77.236547
1325_7715,13.2532,77.1532
1325_7724,13.256489,77.245896
1325_7734,13.2545,77.3456
1326_7755,13.2656,77.5588
1336_7725,13.014,77.5359
1342_7754,13.014,77.5359
1345_7745,13.014,77.5359
1345_7778,13.014,77.5359
1355_7721,13.014,77.5359
1355_7745,13.0148,77.5495
1355_7755,13.014,77.5359
1356_7745,13.014,77.5359
1514_7692,12.9915,77.5553
1852_7395,13.014,77.5359
185_739,13.0469,77.5476
185_775,13.0469,77.5476
940_5599,12.9178,77.6114
1210_7754,12.9274,77.5201
1212_7714,12.9274,77.5201
1212_7745,12.9274,77.5201
1214_7714,12.9716,77.5946
1214_7735,12.9274,77.5201
1215_7712,12.9274,77.5201
1215_7715,12.9274,77.5201
1215_7745,12.9274,77.5201
1215_7758,12.9274,77.5201
1215_7759,12.9274,77.5201
1216_7715,12.9716,77.5946
1218_7714,12.9274,77.5201
1221_7759,12.9274,77.5201
1225_7715,12.9274,77.5201
1225_7754,12.9274,77.5201
1225_7787,12.9274,77.5201
1226_7725,12.9274,77.5201
1232_7715,12.9274,77.5201
1235_7725,12.9274,77.5201
1235_7726,12.9274,77.5201
1235_7735,12.9274,77.5201
1235_7752,12.9274,77.5201
1236_7721,12.9274,77.5201
1236_7726,12.9274,77.5201
1236_7735,12.9274,77.5201
1236_7756,12.9274,77.5201
1236_7765,12.9274,77.5201
1245_7712,12.9274,77.5201
1245_7723,12.9274,77.5201
1245_7730,12.9274,77.5201
1245_7745,12.9274,77.5201
1245_7747,12.9716,77.5946
1245_7748,12.9274,77.5201
1245_7754,12.9274,77.5201
1245_7758,12.9274,77.5201
1245_7774,12.9274,77.5201
1245_7787,12.9274,77.5201
1246_7715,12.9274,77.5201
1246_7745,12.9274,77.5201
1248_7787,12.9274,77.5201
1254_7708,12.9274,77.5201
1254_7730,12.9274,77.5201
1254_7731,12.9274,77.5201
1254_7745,12.9274,77.5201
1254_7748,12.9274,77.5201
1254_7759,12.9274,77.5201
1254_7789,12.9274,77.5201
1256_7712,12.9274,77.5201
1258_7759,12.9716,77.5946
1259_7712,12.9274,77.5201
1259_7714,12.9274,77.5201
1259_7715,12.9716,77.5946
1259_7726,12.9274,77.5201
1259_7729,12.9274,77.5201
1259_7754,12.9716,77.5946
1259_7758,12.9274,77.5201
1259_7759,12.9274,77.5201
1259_7787,12.9274,77.5201
1261_7717,12.9274,77.5201
1265_7725,12.9274,77.5201
1265_7726,12.9274,77.5201
1265_7756,12.9274,77.5201
1269_7712,12.9274,77.5201
1269_7715,12.9274,77.5201
1278_7712,12.9274,77.5201
1280_7754,12.9274,77.5201
1291_7752,12.9274,77.5201
1292_7750,12.9274,77.5201
1292_7751,12.9274,77.5201
1293_7750,12.9274,77.5201
1296_7705,12.9658,77.0516
1306_8022,13.060444,80.223755
1320_7681,13.20946676,76.81954313
1300_7706,13.002157,77.0660364
1300_7765,13.00662691,77.65682809
1302_7700,13.025483,77.001655
1302_7739,13.021018,77.3958
1302_7766,13.02535394,77.66604575
1303_7703,13.0316,77.0316
1535_7690,13.0168,77.6635
3708_9741,13.0168,77.6635
7765_1300,13.0168,77.6635
1296_7758,12.96412014,77.58424154
2723_6336,13.0076,77.5812
7731_1754,13.0076,77.5812
7734_1301,13.0076,77.5812
7734_1302,13.0076,77.5812
7756_1301,13.0213,77.5702
7757_1300,13.0076,77.5812
7757_1301,13.0213,77.5702
7758_1300,13.0076,77.5812
7758_1301,13.0076,77.5812
7758_1302,13.0076,77.5812
1259_7735,12.9958,77.5618
1299_7758,12.99650325,77.58392026
1300_7715,13.000307,77.155599
1300_7733,13.00398,77.33384
1300_7735,13.0027583,77.35163502
1300_7758,13.00469152,77.58338594
1301_7733,13.01396693,77.33254929
1301_7734,13.013241,77.341236
1316_7753,13.16506414,77.53781908
1316_7758,13.1685,77.583883
3301_7756,13.0338,77.5432
3303_7756,13.0298,77.5714
1257_7735,12.9568,77.5966
1266_7756,12.9488,77.5608
1266_7759,12.9488,77.5608
2336_6717,12.9498,77.6029
7759_1296,12.9568,77.5923
1305_7761,13.05380913,77.614333
1305_7762,13.05535994,77.6264975
1306_7761,13.06526906,77.61745316
1306_7762,13.0659049,77.6261936
1306_7763,13.06670436,77.63269586
1307_7745,13.070866,77.451099
1307_7762,13.07303167,77.62686079
1308_7761,13.08234925,77.61776561
1308_7762,13.08500008,77.62522515
1308_7763,13.0864722,77.6339987
1309_7761,13.095834,77.615193
1309_7762,13.09721857,77.62609318
1309_7763,13.09395945,77.63372598
1310_7762,13.10286675,77.62701233
1347_7792,13.0638,77.6449
1349_7762,13.0638,77.6449
1389_7763,13.0836,77.5402
1225_6612,13.0418,77.5725
1275_6635,12.9958,77.5418
1298_7772,12.98383958,77.72759198
1302_6817,13.020477,68.177512
1303_7705,13.036091,77.05892
1303_77756,13.039831,777.566704
1304_7759,13.0428676,77.59353875
1307_7757,13.07723667,77.57642333
1322_7725,13.226589,77.252926
1324_7761,13.246326,77.613756
1325_7725,13.25476265,77.25456685
1355_7758,13.0669,77.5652
1675_9741,13.0398,77.5572
2180_6983,13.0669,77.5652
7701_1301,12.9327,77.6028
7705_1304,13.0398,77.5572
7745_1303,12.9327,77.6028
7754_1325,13.0439,77.5728
7756_1304,12.9327,77.6028
7757_1302,12.9327,77.6028
7757_1303,12.9327,77.6028
7757_1304,13.0439,77.5728
7757_1307,13.0415,77.5118
7757_1345,13.0439,77.5728
7757_304,13.0398,77.5572
7758_1303,13.0415,77.5118
7758_1304,13.0398,77.5572
7758_1364,13.0398,77.5572
7759_1303,13.0398,77.5572
1259_7757,12.9758,77.5718
1265_7713,12.9868,77.5148
1268_7757,12.9868,77.5148
1298_7757,12.98532711,77.57513325
1327_7757,13.27865735,77.57149867
7736_7734,13.0326,77.6193
1295_7785,12.9567375,77.8572925
1529_7655,12.9968,77.5718
2349_8731,12.9716,77.5946
1298_7761,12.98661128,77.61290026
1297_7760,12.97464927,77.60526414
1298_760,12.988463,7.602909
1298_7707,12.98272597,77.07455139
1203_7756,12.9358,77.6174
1245_7726,12.9369,77.6156
1290_7754,12.9508,77.5728
1293_7759,12.93557491,77.59426877
1294_1294,12.94601518,12.94601518
1295_7724,12.953261,77.245632
1379_7570,12.9448,77.5749
7758_1259,12.9265,77.5746
1305_7728,13.0519047,77.281009
1305_7730,13.050654,77.304815
1305_7731,13.056718,77.313281
1306_7731,13.0643276,77.313118
1306_7750,13.06644539,77.50535328
1306_7751,13.0653862,77.51212263
1307_7729,13.07486,77.290375
1307_7750,13.07625866,77.50470596
1307_7752,13.07278118,77.52663952
1308_7729,13.083581,77.29267
1308_7748,13.08668185,77.48494698
1308_7749,13.08325916,77.49744153
1308_7750,13.08590535,77.50509991
1308_7751,13.08663665,77.51235475
1308_7777,13.08201426,77.77282611
1309_7730,13.090447,77.300715
1309_7748,13.09269338,77.48822463
1309_7749,13.09586158,77.49887846
1309_7752,13.09655518,77.52360276
1310_1310,13.1037,13.1037041
1310_7748,13.10389822,77.48109393
1310_7749,13.10285224,77.49242128
1310_7750,13.10944023,77.50425057
1310_7751,13.10441607,77.5171523
1311_7748,13.11562583,77.48454358
1312_7745,13.121623,77.454616
1312_7747,13.1259028,77.47234405
1312_7748,13.12570383,77.48638863
1312_7750,13.1228481,77.5074768
1313_7747,13.13460888,77.47434806
1313_7749,13.13392,77.49242
1314_7748,13.14399275,77.48372825
1374_7669,13.0783,77.5063
1374_7730,13.1325,77.5304
1377_7761,13.0783,77.5063
1388_7748,13.0783,77.5063
7748_1308,13.0783,77.5063
7750_1307,13.1392,77.4874
7751_1307,13.1325,77.5304
7751_1308,13.1458,77.6116
1212_7722,12.9356,77.5948
1229_7582,12.9356,77.5948
1254_7693,12.9356,77.5948
1256_7768,12.9356,77.5948
1257_7756,12.9356,77.5948
1258_7778,12.9356,77.5948
1258_7794,12.9356,77.5948
1258_7797,12.9356,77.5948
1258_7798,12.9356,77.5948
1262_7756,12.9356,77.5948
1273_7801,12.9356,77.5948
1279_7755,12.9356,77.5948
1280_7764,12.9356,77.5948
1281_7755,12.9356,77.5948
1285_7755,12.9356,77.5948
1300_7745,13.001979,77.459003
1222_7760,12.9388,77.6408
1222_7780,12.9388,77.6408
1245_7756,12.9388,77.6408
1245_7757,12.9388,77.6408
1245_7759,12.9388,77.6408
1281_7768,12.9388,77.6408
1283_7754,12.9388,77.6408
1284_7754,12.9388,77.6408
1291_7780,12.9388,77.6408
1298_7796,12.987456,77.968945
1750_7839,12.92,77.64
1751_7855,12.92,77.64
1657_7397,13.0606,77.5152
7756_1298,12.9968,77.5634
1228_7760,12.9968,77.5538
1259_7733,13.0018,77.5608
1283_7751,13.0098,77.5538
1285_7778,13.0018,77.5608
1299_7756,12.99561816,77.56589115
1300_7754,13.00687346,77.54493512
1300_7755,13.00452456,77.55491511
1304_7733,13.04343,77.332229
1305_7757,13.05499187,77.574463
1308_7733,13.081625,77.332898
1319_7724,13.195264,77.245891
2913_6157,13.0012,77.5579
7755_1299,12.9983,77.5532
7755_1300,12.9962,77.5508
7756_1299,13.0016,77.5637
7756_1300,13.0016,77.5637
7756_7756,13.0016,77.5637
1201_7712,12.8926,77.5487
1205_7703,12.8926,77.5487
1208_7754,13.0412,77.5487
1209_7705,12.9047,77.5487
1209_7753,12.9876,77.5487
1209_7754,13.0178,77.5487
1209_7755,12.8965,77.5487
1230_7666,12.9098,77.4848
1232_7732,12.9876,77.5426
1236_7732,12.8928,77.5638
1236_7736,12.8858,77.5658
1253_6817,12.9876,77.5426
1253_7733,12.8858,77.5658
1254_7739,12.8965,77.5938
1267_7658,12.8858,77.5658
1268_7761,12.9088,77.5118
1277_7777,12.8975,77.5668
1286_7755,12.9848,77.5288
1287_7751,12.9088,77.5118
1288_7755,12.9228,77.5018
1289_1289,12.9876,77.5426
1290_7735,12.8975,77.5668
1291_7705,12.9088,77.5488
1322_7713,13.22392,77.131371
1387_7577,13.0606,77.5152
1423_7640,13.0445,77.5354
5870_1291,13.0413,77.5316
5870_3174,12.8847,77.5653
675_6817,12.9228,77.5017
7721_1235,13.0413,77.5316
7732_1236,13.0436,77.5335
7739_1313,12.8847,77.5653
7753_1289,12.9156,77.5453
7754_1290,12.8765,77.5962
7754_1291,12.9156,77.5453
7755_1287,12.9088,77.5768
7755_1289,13.0413,77.5316
7755_1290,13.0436,77.5335
7755_1291,13.0436,77.5335
7756_1287,12.8765,77.5962
7756_1288,12.8847,77.5653
7756_1289,13.0436,77.5335
7757_1288,12.9378,77.5018
7757_1289,12.8956,77.5548
7758_1286,12.8765,77.5962
7758_1287,12.8765,77.5962
7758_1288,12.8956,77.5548
7758_1289,12.9156,77.5453
1219_7706,12.9846,77.5488
1276_6817,12.8978,77.6258
1291_7700,12.9218,77.5818
1295_7706,12.954505,77.061622
1312_7736,13.12321865,77.36187999
1212_7777,12.8758,77.5438
1221_7753,12.9838,77.5478
1251_7732,12.8858,77.5628
1252_7753,12.8858,77.5578
1253_7749,13.0218,77.4838
1253_7783,12.8938,77.5528
1255_7758,12.8858,77.5578
1256_7783,12.8268,77.5486
1267_7702,12.8938,77.5528
1280_7753,12.8268,77.5486
1282_7755,12.8268,77.5486
1283_7752,12.9378,77.4888
1283_7753,12.9018,77.5488
1285_7734,12.8858,77.5578
1285_7751,12.8798,77.5458
1285_7754,12.8188,77.5588
1285_7757,12.8858,77.5578
1286_7751,12.9278,77.5068
1287_7748,12.9368,77.6328
1287_7752,12.8798,77.6118
1287_7753,12.8798,77.6118
1287_7754,12.9378,77.4888
1288_7751,12.8878,77.5488
1288_7753,12.8858,77.5578
1303_7773,13.037672,77.7363085
1357_7671,12.8859,77.6245
7754_1288,12.9006,77.5515
1252_7732,12.8858,77.5578
1253_7732,12.8858,77.5578
1254_7741,12.8858,77.5578
1276_7663,12.8858,77.5578
1287_754,12.8858,77.5578
1545_7509,12.8895,77.5478
288_7753,12.8895,77.5478
1248_7638,12.9139,77.5855
125_7735,12.9288,77.5888
1600_6300,12.925,77.5938
1245_7667,12.9785,77.5725
1245_7753,12.9668,77.5788
1245_7755,12.9785,77.5725
1289_7748,12.9716,77.5946
1297_6817,12.974448,68.177512
1297_9741,12.9744505,97.4128935
2451_6684,12.9782,77.5725
7757_1298,12.9718,77.5765
1225_7757,12.9868,77.5485
1274_7757,12.9708,77.5738
1294_7704,12.942977,77.04613216
1297_1257,12.9766115,12.5736965
1257_7434,12.9718,77.5338
1257_7733,12.9658,77.5528
1257_7734,12.9428,77.5705
1257_7757,12.9658,77.5528
1272_7740,12.9658,77.5528
1274_7748,12.9718,77.5338
1286_7752,12.9718,77.5338
2157_7733,12.9716,77.5946
1219_7770,12.9388,77.7218
1235_7753,12.8739,77.7136
1252_7744,12.8739,77.7136
1253_7742,12.8739,77.7136
1253_7743,12.8739,77.7136
1254_7742,12.8739,77.7136
1254_7743,12.9048,77.7395
1254_7744,12.9048,77.7395
1255_7742,12.9388,77.7218
1255_7743,12.9568,77.7258
1255_7744,12.9388,77.7218
1256_7743,12.9568,77.7258
1256_7744,12.9406,77.7476
1257_7743,12.9568,77.7258
1257_7744,12.9568,77.7258
1269_7736,12.9406,77.7476
1272_7777,12.9568,77.7258
1274_7771,12.9406,77.7476
1283_7773,12.8739,77.7136
1284_7772,12.8739,77.7136
1287_7771,12.8739,77.7136
1288_7770,12.8739,77.7136
1288_7771,12.8739,77.7136
1288_7772,12.8739,77.7136
1288_7773,12.8739,77.7136
1289_7770,12.8739,77.7136
1289_7771,12.8739,77.7136
1289_7772,12.8739,77.7136
1289_7773,12.8739,77.7136
1290_7770,12.8739,77.7136
1290_7771,12.8739,77.7136
1290_7772,12.9078,77.7368
1290_7773,12.9078,77.7368
1291_7770,12.9078,77.7368
1291_7771,12.9078,77.7368
1291_7772,12.9078,77.7368
1291_7773,12.9078,77.7368
1291_7774,12.9078,77.7368
1292_7771,12.9448,77.7368
1292_7772,12.9448,77.7368
1292_7773,12.9448,77.7368
1292_7774,12.9448,77.7368
1292_7777,12.9448,77.7368
1293_7744,12.9448,77.7368
1293_7771,12.9344001,77.71375653
1293_7772,12.93830991,77.725897
1293_7773,12.93639114,77.73696793
1293_7774,12.93745087,77.74518015
1293_7775,12.93431917,77.75495161
1293_7776,12.9334268,77.7625638
1293_7777,12.932804,77.7742727
1294_7721,12.949105,77.219402
1294_7771,12.94727227,77.71543024
1294_7772,12.94642763,77.72220313
1294_7773,12.942717,77.73598883
1294_7774,12.9425856,77.74606928
1294_7775,12.94368325,77.75299993
1295_1295,12.9554915,12.9554915
1295_7771,12.95461857,77.71558413
1295_7772,12.95405354,77.7236732
1295_7773,12.95563976,77.73523465
1295_7774,12.95692767,77.74232882
1296_7772,12.96603188,77.72329473
1298_7745,12.98490675,77.45703025
1305_7712,13.056246,77.122754
1311_7737,13.118852,77.377602
1312_7755,13.12063,77.553783
1337_7713,12.9407,77.7476
1349_7772,12.8739,77.7136
1364_7743,12.9407,77.7476
1392_7773,12.9239,77.7324
1516_7557,12.9407,77.7476
1630_8043,12.9239,77.7324
1994_7774,12.9407,77.7476
2861_7722,12.8739,77.7136
7744_1253,12.8739,77.7136
7771_1288,12.8739,77.7136
7771_1293,12.9388,77.7218
7771_1294,12.9568,77.7258
7771_7771,12.9568,77.7258
7772_1288,12.8739,77.7136
7772_1290,12.9048,77.7395
7772_1295,12.9568,77.7258
7773_1289,12.8739,77.7136
7773_1291,12.9048,77.7395
7774_1292,12.9388,77.7218
7774_1293,12.9407,77.7476
7774_1294,12.9407,77.7476
7774_1295,12.9568,77.7258
7774_1385,12.8739,77.7136
7774_7774,12.9407,77.7476
7775_1293,12.9407,77.7476
1366_7690,12.9797,77.5907
7758_1297,12.9763,77.5929
1305_7756,13.05659049,77.56353428
1306_7754,13.0636039,77.54536749
1306_7755,13.06443092,77.55538789
1306_7756,13.06369263,77.56233885
1307_7753,13.07538474,77.53562269
1307_7755,13.07398622,77.55590881
1307_7756,13.07495725,77.56336495
1308_753,13.0807297,7.5363395
1308_7753,13.084084,77.53336337
1308_7754,13.08447451,77.54607113
1308_7755,13.084225,77.55551374
1308_7756,13.08359904,77.56232627
1309_7753,13.09309642,77.53577762
1309_7754,13.09224649,77.54223791
1309_7755,13.09233412,77.55371062
1442_7600,13.0712,77.5667
7754_1308,13.0684,77.5668
7755_1308,13.0392,77.5298
7755_1309,13.0684,77.5668
7756_1305,13.0628,77.5629
7756_1306,13.0628,77.5629
1253_7724,12.9808,77.5468
1254_7720,12.9808,77.5468
1258_7731,12.9848,77.5278
1259_7732,12.9808,77.5468
1275_7736,12.9808,77.5468
1275_7753,12.9808,77.5468
1275_7754,12.9808,77.5468
1295_7753,12.95430215,77.53553288
1296_7753,12.96533751,77.53410486
1296_7754,12.96426399,77.54540349
1297_7752,12.97384616,77.52476119
1297_7753,12.97511881,77.5348849
1297_7754,12.97495631,77.54561818
1693_7341,12.9594,77.5263
675_7753,12.9798,77.5555
693_6936,12.9965,77.5438
698_6925,12.9965,77.5438
7752_1296,12.9798,77.5555
7752_1297,13.0267,77.5536
7753_1297,13.0058,77.5349
7754_1297,12.9798,77.5555
7761_1293,13.0267,77.5536
13_77,12.9084,77.5267
294_1760,12.9965,77.5438
29_77,12.9084,77.5267
1225_7723,12.9492,77.5735
1225_7785,12.9492,77.5735
1226_7723,12.9356,77.5618
1254_7702,12.9478,77.5668
1295_7757,12.95536411,77.57544806
1401_7646,12.9578,77.5603
295_7757,12.9388,77.5683
1257_7736,12.9608,77.6128
1293_1293,12.9518,77.5248
1293_7737,12.935,77.6308
1293_7762,12.93605187,77.62555912
1293_7763,12.9363963,77.63225553
1294_7762,12.9452127,77.62630832
1294_7763,12.94115336,77.63206962
1295_7761,12.9550703,77.61604413
1649_7407,12.9832,77.5635
7761_7761,13.0129,77.5423
7762_1293,12.9458,77.6258
7762_1294,12.9458,77.6258
7762_1295,12.9458,77.6258
7763_1293,13.0238,77.6348
7763_1294,13.0238,77.6348
1296_7734,12.96250287,77.34414743
1299_1259,12.999249,12.59505
1299_1299,12.9952805,12.9971215
1299_1300,12.99529933,13.001452
1334_1300,12.9908,77.5433
2281_6698,13.0354,77.5278
7734_1259,13.0354,77.5278
7734_1300,13.0034,77.6807
7735_1300,13.0034,77.6807
7757_1299,13.0307,77.5224
7757_7757,13.0184,77.5428
7758_1299,13.0354,77.5278
7759_1259,13.0354,77.5278
1212_7749,12.9795,77.5298
1296_7790,12.96815683,77.9080913
1298_9798,12.988618,97.985555
1293_7766,12.93948338,77.66331937
1300_7720,13.002169,77.202258
1258_7758,12.9868,77.7288
1286_7745,12.8748,77.7128
1294_7776,12.94695198,77.76521128
1295_7776,12.956152,77.7643945
1296_7773,12.96669394,77.73464604
1296_7776,12.9666699,77.76258289
1296_7777,12.965928,77.7722345
1297_7776,12.97702361,77.76499844
1317_7700,13.17044781,77
1317_7753,13.17044781,77.53406098
7744_1259,12.9659,77.7315
1296_7774,12.96566867,77.74802022
1296_7775,12.96620902,77.75579091
1297_7772,12.97480325,77.72595191
1297_7773,12.97160669,77.73372277
1297_7774,12.97430431,77.74358302
1297_7775,12.97497531,77.7536588
1298_7773,12.98534086,77.73439147
1298_7774,12.98428444,77.74719701
1298_7775,12.98325843,77.75353466
1299_7776,12.99390163,77.76402546
1300_7774,13.00264828,77.74452014
1301_7776,13.01404744,77.76406424
1302_7776,13.0242625,77.76314114
1303_7774,13.034559,77.74629167
1303_7776,13.03216157,77.76280314
1295_7759,12.9532711,77.59429352
1229_7365,12.9489,77.5969
1301_7743,13.01807,77.438019
1304_7768,13.043734,77.688571
1310_7725,13.1,77.25
1310_7754,13.100869,77.5470235
1310_7755,13.1050275,77.555042
1310_7757,13.10533132,77.57544832
1310_7759,13.10463786,77.59535456
1311_7756,13.11410011,77.56789767
1311_7758,13.11651167,77.5833683
1311_7759,13.113162,77.595065
1312_7757,13.12546933,77.576643
1313_7751,13.134186,77.518755
1313_7758,13.130594,77.58136067
1313_7760,13.133004,77.604704
1315_7756,13.153568,77.568423
1356_7756,13.0775,77.5713
1356_7757,13.0724,77.5838
1368_7747,13.1135,77.5945
3309_7757,13.0775,77.5713
3310_7756,13.1025,77.5639
3312_7725,13.0289,77.5189
3314_7723,12.9558,77.7315
3324_7732,13.1025,77.5639
1309_7760,13.09354233,77.6032985
1310_7760,13.10577695,77.60459776
1310_7761,13.1048654,77.6144164
1311_7762,13.114456,77.6249724
1656_7415,13.0786,77.5788
7757_1309,13.0826,77.5632
7760_1313,13.0735,77.6404
7761_1307,12.9784,77.5713
7761_1313,13.1012,77.6338
7763_1311,13.0735,77.6404
1308_7758,13.08548543,77.58713314
1308_7759,13.08590036,77.59455508
1309_7756,13.0941405,77.56404544
1309_7757,13.09796421,77.57535136
1309_7758,13.09455615,77.58330792
1309_7759,13.09600838,77.59507963
1310_7756,13.10516047,77.5652781
1310_7758,13.10093212,77.58357454
1311_7755,13.11301667,77.55319056
1311_7757,13.11454638,77.57858208
1311_7760,13.11486389,77.60739854
1312_7753,13.12779123,77.53348865
1312_7756,13.12193386,77.56861214
1312_7758,13.120758,77.58054
1312_7760,13.120087,77.609897
1312_7762,13.12191418,77.62486127
1321_7715,13.215468,77.154685
1325_7755,13.254554,77.558655
1344_7735,13.0789,77.5617
1344_7755,13.1007,77.5963
1345_7700,13.0814,77.6056
1345_7722,13.0649,77.5938
1397_7756,13.1049,77.5933
1303_1706,13.036162,17.065268
1756_1301,13.0307,77.5141
1756_1303,12.9368,77.5704
1944_7697,12.9695,77.5429
2810_7539,13.0018,77.5715
55_1301,13.0018,77.5715
6648_2391,13.0018,77.5715
7700_1300,13.0428,77.5427
7733_1301,12.9449,77.5488
7737_1353,12.9368,77.5704
7753_1303,13.0018,77.5715
7754_1303,13.0538,77.5186
7754_1304,13.0538,77.5186
7755_1301,13.0014,77.5408
7755_1302,13.0018,77.5715
7755_1303,12.9368,77.5704
7755_1337,12.9449,77.5488
7755_7755,12.9449,77.5488
7756_1302,13.0428,77.5427
7756_1303,12.9449,77.5488
7756_1325,12.9449,77.5488
775_1301,13.0018,77.5715
7795_1304,13.0538,77.5186
1301_7705,13.015033,77.0553944
1301_7732,13.0132546,77.3232512
1301_7755,13.01769152,77.55678659
1301_7756,13.01482982,77.56442529
1302_7705,13.023779,77.054264
1302_7756,13.02632467,77.56284588
1305_7733,13.05532443,77.33277534
1311_7733,13.11977,77.33301392
1312_7731,13.1207444,77.31579138
1312_7732,13.12667651,77.32524804
1312_7733,13.1249178,77.3321206
1313_7732,13.13673714,77.32363738
1313_7733,13.1390282,77.33306354
1314_7732,13.14445528,77.32268549
1314_7733,13.148522,77.3317415
1315_7732,13.15612094,77.32212528
1315_7733,13.15594688,77.33282166
1316_7733,13.169132,77.33124128
1317_7733,13.172994,77.3328807
1318_7755,13.1865405,77.557747
1318_7756,13.18721,77.561381
1320_7733,13.204056,77.33213909
1321_7732,13.2163832,77.32466613
1322_7754,13.224862,77.5462036
1324_7754,13.24289,77.548476
1324_7756,13.24888,77.562469
1329_7753,13.0236,77.5488
1335_7727,13.0236,77.5488
303_7753,13.0236,77.5488
7701_7755,13.0236,77.5488
